Date,Quantity ,Monetary,Amount,Index,Updown
 105/01/04,3828317506,77036676791,823702,8114.26,-223.8
 105/01/05,4174711678,80349248930,835646,8075.11,-39.15
 105/01/06,4862380750,99143623931,944604,7990.39,-84.72
 105/01/07,5920713736,1.18E+11,1151598,7852.06,-138.33
 105/01/08,4534181205,92853774729,859799,7893.97,41.91
 105/01/11,4324346686,85321943005,864273,7788.42,-105.55
 105/01/12,4774778088,86552474918,878969,7768.45,-19.97
 105/01/13,4191855350,76588652185,785161,7824.61,56.16
 105/01/14,4276900082,81779081768,843642,7742.88,-81.73
 105/01/15,4228452132,90430983043,834866,7762.01,19.13
 105/01/18,4556531786,81693572616,899532,7811.18,49.17
 105/01/19,4401843015,74328444326,777581,7854.88,43.7
 105/01/20,4995793415,89909264962,934145,7699.12,-155.76
 105/01/21,4228018052,73757813283,766878,7664.01,-35.11
 105/01/22,3770515717,69411719214,735234,7756.18,92.17
 105/01/25,3916387295,69661237574,721242,7894.15,137.97
 105/01/26,3725690246,62349440613,663929,7828.67,-65.48
 105/01/27,3921538073,70341506723,704137,7849.83,21.16
 105/01/28,4225736859,79651114076,757225,7905.1,55.27
 105/01/29,5887199015,1.13E+11,991000,8080.6,175.5
 105/01/30,4060926553,62496769696,667653,8145.21,64.61
 105/02/01,4146109539,84881639979,810788,8156.96,11.75
 105/02/02,3578769995,73811790035,762146,8131.24,-25.72
 105/02/03,3340620656,78552943082,756916,8063,-68.24
 105/02/15,3701233391,89049265308,835099,8066.51,3.51
 105/02/16,4888935526,92274426133,895472,8212.07,145.56
 105/02/17,4533522300,84973308024,877108,8214.25,2.18
 105/02/18,4700434888,96306906424,908282,8314.67,100.42
 105/02/19,3786260216,76763583732,796911,8325.04,10.37
 105/02/22,4117476850,76666061454,788522,8326.68,1.64
 105/02/23,4282835270,79158782479,834103,8334.64,7.96
 105/02/24,4172001674,72921321301,818928,8282.86,-51.78
 105/02/25,4825333703,85369873858,893624,8365.86,83
 105/02/26,4192508108,84825115511,814436,8411.16,45.3
105/03/01,4344172230,93076019508,914162,8485.69,74.53
105/03/02,5383933146,1.02E+11,1022407,8544.05,58.36
105/03/03,5585659656,1.01E+11,1058220,8611.79,67.74
105/03/04,4963184767,95177431173,1002782,8643.55,31.76
105/03/07,4985069930,97317441753,1044138,8659.55,16
105/03/08,5752490488,1.07E+11,1118305,8664.31,4.76
105/03/09,4873667413,87722074364,924681,8634.11,-30.2
105/03/10,4847234890,86979509559,912645,8660.7,26.59
105/03/11,4696453516,89618730648,932516,8706.14,45.44
105/03/14,4958111936,1.01E+11,1001609,8747.9,41.76
105/03/15,5749788495,1.17E+11,1152022,8611.18,-136.72
105/03/16,4940468348,95303426426,931278,8699.14,87.96
105/03/17,5640225790,1.10E+11,1069422,8734.54,35.4
105/03/18,5058056953,1.18E+11,980140,8810.71,76.17
105/03/21,4189171268,83602377454,828164,8812.7,1.99
105/03/22,4537521519,87909107741,896141,8785.68,-27.02
105/03/23,4146764067,83001864735,841520,8766.09,-19.59
105/03/24,4332890552,81028032418,828433,8743.38,-22.71
105/03/25,3480063136,66971897265,668084,8704.97,-38.41
105/03/28,3632554168,69405830918,707968,8690.45,-14.52
105/03/29,4336733399,80354222855,863621,8617.35,-73.1
105/03/30,4449258360,89188136871,850273,8737.04,119.69
105/03/31,4483580039,96143315403,841211,8744.83,7.79
105/04/01,3512441617,74436466179,734759,8657.55,-87.28
105/04/06,4263805995,99649801435,948232,8513.3,-144.25
105/04/07,4325190072,85012242354,837480,8490.25,-23.05
105/04/08,4047158746,78914261945,783411,8541.5,51.25
105/04/11,3619493831,68897768432,705570,8562.59,21.09
105/04/12,4271104168,83753452252,844879,8531.18,-31.41
105/04/13,4800753162,92382932263,855055,8652.08,120.9
105/04/14,4320339298,82203414897,787098,8667.71,15.63
105/04/15,3728792198,79717512268,755854,8700.39,32.68
105/04/18,3363499191,65051346748,665225,8666.01,-34.38
105/04/19,4134113610,81358438759,767518,8633.72,-32.29
105/04/20,4810411902,96785720810,966647,8514.48,-119.24
105/04/21,3914269493,75973585587,760525,8568.65,54.17
105/04/22,3830670213,79070599556,792676,8535.75,-32.9
105/04/25,2931595283,56182234555,562358,8560.28,24.53
105/04/26,3346481055,62262529206,620548,8581.57,21.29
105/04/27,3487759816,68796176444,632097,8563.05,-18.52
105/04/28,3924535612,75136632590,717887,8473.87,-89.18
105/04/29,3580008782,79542764433,724482,8377.9,-95.97
105/05/03,3754668499,79541801189,728436,8294.12,-83.78
105/05/04,4149875379,82399462988,816079,8185.47,-108.65
105/05/05,3977941297,74975723000,745369,8167.96,-17.51
105/05/06,3953679305,84384286020,771662,8146.43,-21.53
105/05/09,3710952585,75447508377,708642,8131.83,-14.6
105/05/10,3741082502,70928843216,694280,8156.29,24.46
105/05/11,4047480787,80431862471,775750,8135.56,-20.73
105/05/12,3556435361,68548502596,669426,8108.05,-27.51
105/05/13,4225037084,89924012838,909771,8053.69,-54.36
105/05/16,3236743232,64686301497,667038,8067.6,13.91
105/05/17,3604249794,66672653501,700842,8140.48,72.88
105/05/18,3491764921,65383955852,701281,8159.68,19.2
105/05/19,3094933678,60422574449,644954,8095.98,-63.7
105/05/20,2850865571,58263286174,568897,8131.26,35.28
105/05/23,4649021224,90554982570,842513,8344.44,213.18
105/05/24,3555561356,64637921213,675116,8300.66,-43.78
105/05/25,4049980878,80459911960,783978,8396.2,95.54
105/05/26,3564495997,65478914576,674618,8394.12,-2.08
105/05/27,3409655231,68626136475,675938,8463.61,69.49
105/05/30,3779180371,78124791178,726736,8535.87,72.26
105/05/31,4925321959,1.16E+11,794488,8535.59,-0.28
105/06/01,4102121560,77190940287,782698,8597.16,61.57
105/06/02,4421236994,82188998656,791451,8556.02,-41.14
105/06/03,3420623169,64809532971,663124,8587.36,31.34
105/06/04,1895068731,30206861435,331442,8591.57,4.21
105/06/06,3053231196,61971449857,577384,8597.11,5.54
105/06/07,3984243487,85050278728,777187,8679.9,82.79
105/06/08,3682670146,85786188266,806517,8715.48,35.58
105/06/13,3574312269,83588012270,757737,8536.22,-179.26
105/06/14,3125064758,63850727683,643488,8576.12,39.9
105/06/15,3593085428,72856146856,690191,8606.37,30.25
105/06/16,3709135528,72824942425,697042,8494.14,-112.23
105/06/17,3484588797,73109254592,681269,8568.08,73.94
105/06/20,3001039154,61725407566,637099,8625.92,57.84
105/06/21,3377528665,70549583295,684126,8684.85,58.93
105/06/22,3557068248,72954740054,698182,8716.25,31.4
105/06/23,3111999285,60884859229,605289,8676.68,-39.57
105/06/24,5791547248,1.24E+11,1096022,8476.99,-199.69
105/06/27,3268493657,64019527635,608355,8458.87,-18.12
105/06/28,3822915741,73716722894,697522,8505.51,46.64
105/06/29,4531025055,83049487440,798618,8586.56,81.05
105/06/30,4831561362,95446248784,854736,8666.58,80.02
105/07/01,4252995062,87367201283,814458,8738.24,71.66
105/07/04,3642526001,71901682699,692220,8760.58,22.34
105/07/05,3474978856,63985820013,655418,8716.07,-44.51
105/07/06,4209879163,79293353851,800325,8575.75,-140.32
105/07/07,3349857488,63917075018,646627,8640.91,65.16
105/07/11,4669541115,99362933862,871964,8786.47,145.56
105/07/12,4699030781,98294776994,871943,8841.46,54.99
105/07/13,4850884392,98433193150,929113,8857.75,16.29
105/07/14,4422952583,84659240045,841778,8866.36,8.61
105/07/15,4874982524,1.03E+11,976658,8949.85,83.49
105/07/18,4564796901,93473193654,867491,9008.21,58.36
105/07/19,4774586439,96280319405,922333,9034.87,26.66
105/07/20,4447845917,94869577884,913431,9007.68,-27.19
105/07/21,5201516603,1.01E+11,1007995,9056.56,48.88
105/07/22,4242274452,82046171596,840093,9013.14,-43.42
105/07/25,4007179190,77600049546,777080,8991.67,-21.47
105/07/26,3925613098,76442857722,726303,9024.79,33.12
105/07/27,4970935255,96440644211,856895,9063.39,38.6
105/07/28,4766003386,88750752651,842748,9076.64,13.25
105/07/29,3852627640,79791349789,717081,8984.41,-92.23
105/08/01,3871706261,78804102182,765901,9080.71,96.3
105/08/02,3884166772,74010051370,737921,9068.76,-11.95
105/08/03,3834059543,70771446177,732463,9001.71,-67.05
105/08/04,3829779330,74418273151,713559,9024.71,23
105/08/05,4226749494,84243393706,791540,9092.12,67.41
105/08/08,4083690279,83400282896,751688,9150.26,58.14
105/08/09,4066821718,79859408846,799032,9155.08,4.82
105/08/10,4225760731,80598942348,792698,9200.42,45.34
105/08/11,4760190883,93559858446,880676,9131.83,-68.59
105/08/12,4015197342,88441767577,825333,9150.39,18.56
105/08/15,4100081258,79893213002,760158,9148.51,-1.88
105/08/16,4451022067,84870784913,797042,9110.36,-38.15
105/08/17,3978438268,81245429214,839612,9117.7,7.34
105/08/18,4015535468,79316393081,753628,9122.5,4.8
105/08/19,4388582310,83781157067,808295,9034.27,-88.23
105/08/22,3885584470,69450728803,727963,8981.81,-52.46
105/08/23,3836367256,66902162224,655444,9030.93,49.12
105/08/24,3518670453,61538427352,668789,9017.38,-13.55
105/08/25,4269679972,78658927216,775060,9115.47,98.09
105/08/26,3595701488,65815985228,687227,9131.72,16.25
105/08/29,3794844122,67625369701,714824,9110.17,-21.55
105/08/30,3756596422,69582701507,726447,9110.56,0.39
105/08/31,4267889536,87048793580,806189,9068.85,-41.71
105/09/01,4053283316,80568510876,783833,9001.15,-67.7
105/09/02,4303473486,79935908743,813990,8987.55,-13.6
105/09/05,3605627823,64015544012,632790,9090.13,102.58
105/09/06,4111738487,76499163461,744781,9181.85,91.72
105/09/07,4782818269,93062897809,842050,9259.07,77.22
105/09/08,3981132399,77969939336,752880,9262.89,3.82
105/09/09,3555480447,67475789905,670494,9164.88,-98.01
105/09/10,2966690082,48599834344,521418,9053.69,-111.19
105/09/12,3634678303,76385472484,698520,8947.06,-106.63
105/09/13,3839352136,78995501732,751687,8940.83,-6.23
105/09/14,3287147362,85671454406,669518,8902.3,-38.53
105/09/19,4055905456,1.00E+11,773231,9152.88,250.58
105/09/20,3637156449,69490591428,665784,9161.58,8.7
105/09/21,3855290963,74108548817,742404,9228.5,66.92
105/09/22,3664350552,71438274973,707555,9235.26,6.76
105/09/23,3223134406,65359211753,673280,9284.62,49.36
105/09/26,2625293453,55727556974,544364,9194.52,-90.1
105/09/29,3723139479,89971697637,799500,9270.9,76.38
105/09/30,3426034697,74600632574,690048,9166.85,-104.05
105/10/03,3002161742,55597456402,571417,9234.2,67.35
105/10/04,3066078644,62014403325,661773,9287.77,53.57
105/10/05,3002597984,60936666203,615998,9272.28,-15.49
105/10/06,3137942343,63331394814,633418,9284.31,12.03
105/10/07,2981282506,63235529397,653647,9265.81,-18.5
105/10/11,4127460101,89690544555,874057,9219.82,-45.99
105/10/12,3407399739,66304575010,649095,9252.6,32.78
105/10/13,3342252755,75218324164,714011,9219.17,-33.43
105/10/14,3222233294,67985163367,656200,9165.17,-54
105/10/17,3082126225,61546873092,598424,9176.22,11.05
105/10/18,3058813019,64138110361,593138,9222.58,46.36
105/10/19,3429784279,73889069126,710457,9283.99,61.41
105/10/20,3523381006,65312097572,694444,9317.24,33.25
105/10/21,3773891183,76007429901,674656,9306.57,-10.67
105/10/24,3043948395,57857039710,590798,9322.5,15.93
105/10/25,3568506720,65726460665,652687,9385.65,63.15
105/10/26,3200802159,61344471335,605696,9362.25,-23.4
105/10/27,3436938226,67880845278,664166,9299.55,-62.7
105/10/28,3124888852,64114045071,603958,9306.92,7.37
105/10/31,2933043294,59927008062,571396,9290.12,-16.8
105/11/01,2497659272,49384447728,517806,9272.7,-17.42
105/11/02,3184164932,64249958155,676018,9139.04,-133.66
105/11/03,3204101005,67542159332,673612,9067.27,-71.77
105/11/04,2739339593,53149641659,564001,9068.15,0.88
105/11/07,2835069903,56453320323,552280,9189.84,121.69
105/11/08,3072696401,57810135608,596840,9217.43,27.59
105/11/09,6044384705,1.20E+11,1140553,8943.2,-274.23
105/11/10,4506916209,89574137020,818741,9152.18,208.98
105/11/11,5065759555,1.14E+11,1048563,8957.76,-194.42
105/11/14,4637858338,98452839687,903406,8940.4,-17.36
105/11/15,4100692578,80380985347,824147,8931.03,-9.37
105/11/16,3914412181,78312045650,786422,8962.22,31.19
105/11/17,3579224996,64481024051,704226,8995.26,33.04
105/11/18,3746952412,70078736166,785524,9008.79,13.53
105/11/21,3751486947,62875145368,739598,9041.11,32.32
105/11/22,4636095156,81661771425,882450,9133.39,92.28
105/11/23,4276380428,75384902802,834062,9178.23,44.84
105/11/24,4041910493,65397719688,733502,9152.11,-26.12
105/11/25,3665470614,58802328691,686881,9159.07,6.96
105/11/28,4250435547,72592036106,773036,9222.24,63.17
105/11/29,4314651140,75711056979,783283,9192.38,-29.86
105/11/30,4869513418,1.08E+11,843347,9240.71,48.33
105/12/01,4136060659,75155573040,833131,9263.53,22.82
105/12/02,3786805782,76297964684,780668,9189.49,-74.04
105/12/05,3391496476,63592584448,693698,9160.66,-28.83
105/12/06,3667576986,71426220272,737772,9250.77,90.11
105/12/07,3636815416,66724838662,707178,9263.89,13.12
105/12/08,4549781790,91034926934,910895,9375.86,111.97
105/12/09,3964574188,78068803613,782282,9392.68,16.82
105/12/12,4035825377,74175683178,777262,9349.94,-42.74
105/12/13,3812248527,70197974184,766143,9382.14,32.2
105/12/14,3434019334,67479724522,719840,9368.52,-13.62
105/12/15,3836100069,71903813748,732953,9360.35,-8.17
105/12/16,3675553844,80406391525,740350,9326.78,-33.57
105/12/19,3156197159,58090807688,631988,9239.32,-87.46
105/12/20,3372611446,60343314153,630408,9242.41,3.09
105/12/21,3195514727,59331527595,598839,9204.26,-38.15
105/12/22,3277666436,58285930512,628518,9118.75,-85.51
105/12/23,2935828030,53371654474,583205,9078.64,-40.11
105/12/26,2047647847,32303039201,389028,9110.54,31.9
105/12/27,2082870472,33728533280,399921,9109.27,-1.27
105/12/28,2801681236,47787720809,503232,9201.4,92.13
105/12/29,2703276096,52765537345,509429,9153.09,-48.31
105/12/30,2740107596,57440768952,567025,9253.5,100.41
106/01/03,2490220049,46113898863,502365,9272.88,19.38
106/01/04,2902225383,57298745336,617387,9286.96,14.08
106/01/05,3925580780,77570633083,759123,9358.14,71.18
106/01/06,3607840930,70913380389,722508,9372.22,14.08
106/01/09,3551476599,64708958882,684113,9342.42,-29.8
106/01/10,3289324247,60598143249,637034,9349.64,7.22
106/01/11,3680625074,73941460978,744387,9345.74,-3.9
106/01/12,3771167251,77843540798,770008,9410.18,64.44
106/01/13,3293064718,72909568901,649509,9378.83,-31.35
106/01/16,3066709541,58354654137,611380,9292.33,-86.5
106/01/17,3052796892,58879214644,607637,9354.53,62.2
106/01/18,3744987831,77677598664,793392,9341.97,-12.56
106/01/19,3614825738,81677909780,769639,9318.12,-23.85
106/01/20,3098080735,72733394069,663036,9331.46,13.34
106/01/23,3219340160,78442540687,700799,9424.05,92.59
106/01/24,3362191880,90355629176,776056,9447.95,23.9
106/02/02,5119534614,1.48E+11,1131546,9428.97,-18.98
106/02/03,5068371711,1.02E+11,1056855,9455.56,26.59
106/02/06,5510906552,1.02E+11,1076125,9538.01,82.45
106/02/07,4932873379,95709593373,988506,9554.56,16.55
106/02/08,5300856389,1.11E+11,1082850,9543.25,-11.31
106/02/09,5264593609,1.06E+11,1038404,9590.18,46.93
106/02/10,6240806015,1.37E+11,1209286,9665.59,75.41
106/02/13,5255562269,1.01E+11,1023598,9710.32,44.73
106/02/14,5531133656,1.14E+11,1072534,9718.78,8.46
106/02/15,5748794719,1.18E+11,1165369,9799.76,80.98
106/02/16,5167818860,1.08E+11,1033581,9771.25,-28.51
106/02/17,4358105024,95178870089,916682,9759.76,-11.49
106/02/18,3411356161,61980819056,664672,9779.92,20.16
106/02/20,4750607829,97817579999,996037,9753.2,-26.72
106/02/21,4604650193,90064360265,935626,9763.93,10.73
106/02/22,4853832134,1.01E+11,975734,9778.78,14.85
106/02/23,4655622523,1.01E+11,966823,9769.31,-9.47
106/02/24,4221089121,92653105234,887717,9750.47,-18.84
106/03/01,4352913007,99915928382,981872,9674.78,-75.69
106/03/02,4761241087,1.04E+11,989848,9691.8,17.02
106/03/03,4165254128,85467058840,891917,9648.21,-43.59
106/03/06,3722553150,68845014663,769593,9682.63,34.42
106/03/07,3874251922,71771505561,771173,9738.07,55.44
106/03/08,4196044437,82579673298,857665,9753.45,15.38
106/03/09,4805336100,90358029649,982043,9658.61,-94.84
106/03/10,4616512391,89769254472,961607,9627.89,-30.72
106/03/13,4101677979,82907786529,843499,9697.34,69.45
106/03/14,4677117001,92252375306,909928,9744.21,46.87
106/03/15,3889942507,72564879826,813385,9740.31,-3.9
106/03/16,4560309831,95550625488,932250,9837.83,97.52
106/03/17,4951138499,1.10E+11,979183,9908.69,70.86
106/03/20,4203851177,84500561261,914394,9912.97,4.28
106/03/21,4552153526,1.00E+11,1034233,9972.49,59.52
106/03/22,4437300856,97448772149,958889,9922.66,-49.83
106/03/23,4726452783,1.02E+11,1038473,9930.74,8.08
106/03/24,4184614572,89295142320,922368,9902.98,-27.76
106/03/27,4199023557,88437955668,946805,9876.77,-26.21
106/03/28,4833690290,1.05E+11,1049582,9876.45,-0.32
106/03/29,4341930175,88748191723,862064,9856.25,-20.2
106/03/30,4255899858,91751321697,903406,9848.15,-8.1
106/03/31,4182990319,1.04E+11,908989,9811.52,-36.63
106/04/05,4994427771,1.28E+11,1152742,9949.48,137.96
106/04/06,4127687529,92189842922,880097,9897.8,-51.68
106/04/07,4664377829,1.03E+11,972990,9873.37,-24.43
106/04/10,4447518686,87324479551,916553,9882.54,9.17
106/04/11,4489653247,94530659488,973079,9832.42,-50.12
106/04/12,4590275231,90024264907,925670,9817.68,-14.74
106/04/13,4547938309,86707759869,872730,9836.68,19
106/04/14,4501756551,87186593277,871192,9732.93,-103.75
106/04/17,4208924311,78206767172,809977,9716.4,-16.53
106/04/18,3700798457,74133133382,724402,9746.56,30.16
106/04/19,4375018595,88231324233,899405,9639.94,-106.62
106/04/20,3972099050,84241729031,777038,9632.69,-7.25
106/04/21,3539298570,71141764011,711662,9717.41,84.72
106/04/24,3213220312,66653796607,648179,9717.95,0.54
106/04/25,4424779652,93438289016,858803,9841.71,123.76
106/04/26,4714162637,1.03E+11,910871,9856.45,14.74
106/04/27,3886027373,83500011125,770132,9860.62,4.17
106/04/28,4246227339,1.00E+11,862542,9872,11.38
106/05/02,4583066720,1.13E+11,890516,9941.27,69.27
106/05/03,3897253613,80923728874,760846,9955.33,14.06
106/05/04,3579143799,75709450990,747116,9967.64,12.31
106/05/05,3702206175,75879221397,741718,9899.94,-67.7
106/05/08,3862471049,86015234087,764440,9937.25,37.31
106/05/09,4803642000,1.10E+11,941894,9915.48,-21.77
106/05/10,4203615748,91684675118,833782,9968.32,52.84
106/05/11,4597490855,98480520370,839341,10001.48,33.16
106/05/12,4252428079,93149330050,806303,9986.82,-14.66
106/05/15,4120343547,88454721807,791966,10036.82,50
106/05/16,4501384032,1.05E+11,902385,10031.49,-5.33
106/05/17,3899312658,84228391680,777400,10013.67,-17.82
106/05/18,3876042835,84073982529,766058,9969.45,-44.22
106/05/19,3537228615,70709301681,684031,9947.62,-21.83
106/05/22,3274562987,71864155555,692703,9997.26,49.64
106/05/23,3831722898,82269159789,769269,10007.84,10.58
106/05/24,3789171772,81916556826,769394,10044.42,36.58
106/05/25,4485613092,96385707053,877299,10108.49,64.07
106/05/26,3980971963,92756091654,807283,10101.95,-6.54
106/05/31,4580700178,1.25E+11,839510,10040.72,-61.23
106/06/01,3935374785,82752107040,788309,10087.42,46.7
106/06/02,4262071599,88417012089,844921,10152.53,65.11
106/06/03,2798294261,46104007889,522879,10158.15,5.62
106/06/05,4481379792,93903092656,908436,10226.84,68.69
106/06/06,4293252680,87145486178,824407,10206.18,-20.66
106/06/07,4559947908,1.04E+11,886598,10209.99,3.81
106/06/08,4040636518,86075208126,775410,10225.78,15.79
106/06/09,4677580150,1.04E+11,915527,10199.65,-26.13
106/06/12,3985616060,91468337323,780379,10109.96,-89.69
106/06/13,3602428296,82706434189,706271,10128.15,18.19
106/06/14,4552307234,1.01E+11,870178,10072.46,-55.69
106/06/15,3918532212,79321844333,712871,10088.35,15.89
106/06/16,4404312440,98019446528,767360,10156.73,68.38
106/06/19,4269513695,90699678925,796152,10250.6,93.87
106/06/20,4530397192,94891334506,802935,10324.46,73.86
106/06/21,5132712376,1.11E+11,955178,10349.72,25.26
106/06/22,4738922736,97969279194,833859,10399.06,49.34
106/06/23,4289799239,91395185958,754442,10377.7,-21.36
106/06/26,5791622097,1.35E+11,980822,10513.96,136.26
106/06/27,5598438384,1.15E+11,957427,10512.06,-1.9
106/06/28,6023213594,1.25E+11,1005185,10390.55,-121.51
106/06/29,5402821207,1.00E+11,885847,10421.65,31.1
106/06/30,4536306301,95304784071,766524,10395.07,-26.58
106/07/03,4453084827,85666492787,746470,10412.79,17.72
106/07/04,4893991008,92728204144,869492,10347.78,-65.01
106/07/05,4293552119,84959839288,741278,10404.79,57.01
106/07/06,3994714104,87544601839,683735,10368.2,-36.59
106/07/07,3741612587,83791845935,679599,10297.25,-70.95
106/07/10,3961608955,82621691351,727075,10289.91,-7.34
106/07/11,4808364004,1.10E+11,820143,10415.57,125.66
106/07/12,5099777806,1.12E+11,875524,10420.68,5.11
106/07/13,5724517384,1.18E+11,937638,10460.15,39.47
106/07/14,4863496117,1.01E+11,841899,10443.91,-16.24
106/07/17,4824543675,1.00E+11,841487,10457.54,13.63
106/07/18,4840898103,97241737168,826043,10481.26,23.72
106/07/19,5429199016,1.20E+11,980681,10506.1,24.84
106/07/20,5016236548,1.04E+11,865594,10499.36,-6.74
106/07/21,4167695472,85631515057,750886,10436.7,-62.66
106/07/24,3935837624,82964547962,732545,10461.28,24.58
106/07/25,4566876036,93217152274,811780,10463.15,1.87
106/07/26,5320582357,1.10E+11,922913,10419.11,-44.04
106/07/27,5521768225,1.10E+11,926175,10508.37,89.26
106/07/28,4504894920,98797187245,797486,10423.05,-85.32
106/07/31,4379828777,96853698866,774704,10427.33,4.28
106/08/01,5390357272,1.13E+11,950358,10437.29,9.96
106/08/02,5537089480,1.25E+11,982034,10519.27,81.98
106/08/03,5014480467,1.11E+11,911308,10469.88,-49.39
106/08/04,5216082839,1.14E+11,975513,10506.56,36.68
106/08/07,5672576274,1.28E+11,1039179,10579.38,72.82
106/08/08,5985191067,1.34E+11,1104055,10568.97,-10.41
106/08/09,5456480435,1.13E+11,978770,10470.38,-98.59
106/08/10,6392060155,1.37E+11,1133168,10329.74,-140.64
106/08/11,5864918084,1.23E+11,933305,10329.57,-0.17
106/08/14,5432947274,1.09E+11,981001,10225.28,-104.29
106/08/15,5054840403,95342619979,852563,10311.16,85.88
106/08/16,5191539359,1.00E+11,988309,10290.39,-20.77
106/08/17,5616791323,98969617234,950161,10369.37,78.98
106/08/18,5044204395,90157457050,895113,10321.33,-48.04
106/08/21,4578949234,86463292778,858810,10326.39,5.06
106/08/22,5549157467,1.11E+11,1002180,10392.07,65.68
106/08/23,5641405263,1.17E+11,1042119,10406.81,14.74
106/08/24,5808139755,1.18E+11,1037836,10488.96,82.15
106/08/25,6024909572,1.22E+11,1093091,10515.51,26.55
106/08/28,5890372644,1.15E+11,1040947,10525.98,10.47
106/08/29,5814380272,1.09E+11,1027443,10496.57,-29.41
106/08/30,5901288169,1.21E+11,1083348,10569.4,72.83
106/08/31,5945548107,1.29E+11,1068561,10585.78,16.38
106/09/01,6064861953,1.16E+11,1089003,10594.82,9.04
106/09/04,5498749075,1.07E+11,994838,10569.87,-24.95
106/09/05,5873609014,1.21E+11,1053207,10617.84,47.97
106/09/06,6210529776,1.30E+11,1158515,10547.86,-69.98
106/09/07,6412690437,1.33E+11,1188773,10538.51,-9.35
106/09/08,5779683575,1.23E+11,1079836,10609.95,71.44
106/09/11,5920435072,1.33E+11,1190211,10572.16,-37.79
106/09/12,5769101200,1.26E+11,1121196,10610.35,38.19
106/09/13,5853111895,1.30E+11,1096739,10532.88,-77.47
106/09/14,5522954635,1.24E+11,1054619,10553.57,20.69
106/09/15,6482820450,1.59E+11,1148796,10580.41,26.84
106/09/18,6950033376,1.36E+11,1255510,10631.57,51.16
106/09/19,6625270739,1.41E+11,1207986,10576.14,-55.43
106/09/20,5895804384,1.32E+11,1143225,10519.17,-56.97
106/09/21,5569265779,1.22E+11,989206,10578.44,59.27
106/09/22,5727401460,1.22E+11,1045965,10449.68,-128.76
106/09/25,5784894485,1.32E+11,1154076,10335.89,-113.79
106/09/26,5758755103,1.24E+11,1050424,10257.02,-78.87
106/09/27,5280623838,1.11E+11,884098,10326.68,69.66
106/09/28,5003507875,1.08E+11,897399,10296.45,-30.23
106/09/29,4925439728,1.02E+11,858030,10329.94,33.49
106/09/30,3583409388,54278685485,560930,10383.94,54
106/10/02,4720525520,1.02E+11,848525,10465.16,81.22
106/10/03,4790980468,1.09E+11,899943,10469.35,4.19
106/10/05,4672633583,1.07E+11,900642,10518.27,48.92
106/10/06,4669025799,1.09E+11,917418,10532.81,14.54
106/10/11,5950658523,1.56E+11,1183032,10641.19,108.38
106/10/12,5367696788,1.26E+11,1036278,10711.44,70.25
106/10/13,5252705145,1.24E+11,1007207,10724.09,12.65
106/10/16,5697392917,1.27E+11,1076400,10774.21,50.12
106/10/17,5300574136,1.21E+11,1054825,10723.15,-51.06
106/10/18,5743037974,1.38E+11,1148874,10720.28,-2.87
106/10/19,5461982551,1.20E+11,964094,10760.29,40.01
106/10/20,5337213956,1.26E+11,959798,10728.88,-31.41
106/10/23,4926106311,1.06E+11,907378,10735.21,6.33
106/10/24,5237811759,1.12E+11,970401,10743.78,8.57
106/10/25,5508162643,1.20E+11,1064287,10750.57,6.79
106/10/26,5218891689,1.12E+11,940182,10734.76,-15.81
106/10/27,6671349862,1.49E+11,1241644,10709.11,-25.65
106/10/30,5553482791,1.25E+11,992319,10756.87,47.76
106/10/31,5326084818,1.19E+11,964342,10793.8,36.93
106/11/01,5922894127,1.29E+11,1071018,10806.36,12.56
106/11/02,5623447218,1.20E+11,1057759,10788.51,-17.85
106/11/03,5322948383,1.16E+11,965396,10800.77,12.26
106/11/06,5351919578,1.14E+11,965308,10786.19,-14.58
106/11/07,6076222808,1.28E+11,1125887,10840.34,54.15
106/11/08,5841076483,1.21E+11,1099538,10818.99,-21.35
106/11/09,6796045791,1.49E+11,1292325,10743.27,-75.72
106/11/10,5788395239,1.20E+11,1031970,10732.67,-10.6
106/11/13,6384150746,1.30E+11,1150414,10683.92,-48.75
106/11/14,6180626160,1.25E+11,1099809,10687.18,3.26
106/11/15,5744455073,1.29E+11,1092459,10630.65,-56.53
106/11/16,5341731411,1.06E+11,964984,10625.04,-5.61
106/11/17,5974753724,1.28E+11,1066910,10701.64,76.6
106/11/20,5807282048,1.11E+11,1009220,10664.55,-37.09
106/11/21,7053601407,1.39E+11,1235509,10779.24,114.69
106/11/22,8528991161,1.80E+11,1493696,10822.59,43.35
106/11/23,6616309822,1.31E+11,1167285,10854.57,31.98
106/11/24,6581726455,1.29E+11,1157941,10854.09,-0.48
106/11/27,6542165679,1.35E+11,1145566,10750.93,-103.16
106/11/28,6703436361,1.42E+11,1204400,10707.07,-43.86
106/11/29,6677175383,1.36E+11,1230839,10713.55,6.48
106/11/30,8809780282,2.34E+11,1487866,10560.44,-153.11
106/12/01,7933236119,1.81E+11,1527375,10600.37,39.93
106/12/04,6430784687,1.30E+11,1144851,10651.11,50.74
106/12/05,6970138923,1.47E+11,1310338,10566.85,-84.26
106/12/06,7215142961,1.61E+11,1277076,10393.92,-172.93
106/12/07,6593705046,1.39E+11,1127677,10355.76,-38.16
106/12/08,6220995884,1.31E+11,1092197,10398.62,42.86
106/12/11,6037430874,1.18E+11,1035369,10473.09,74.47
106/12/12,5475479592,1.09E+11,964760,10443.28,-29.81
106/12/13,5215130556,1.04E+11,958674,10470.7,27.42
106/12/14,5600785133,1.14E+11,1027260,10538.01,67.31
106/12/15,5727664985,1.27E+11,966006,10491.44,-46.57
106/12/18,4588561055,96046418831,874477,10506.52,15.08
106/12/19,5098487325,1.13E+11,958014,10467.34,-39.18
106/12/20,5084408110,1.04E+11,946159,10504.52,37.18
106/12/21,5089181777,99221790281,912624,10488.97,-15.55
106/12/22,4591388453,91994484539,848046,10537.27,48.3
106/12/25,4356973081,81617030326,837153,10522.49,-14.78
106/12/26,5063760784,97562886205,918009,10421.91,-100.58
106/12/27,4919533526,92597567592,876258,10486.67,64.76
106/12/28,5457228746,1.10E+11,950937,10567.64,80.97
106/12/29,5349314892,1.10E+11,994709,10642.86,75.22
107/01/02,5393557894,1.04E+11,1010745,10710.73,67.87
107/01/03,6544990989,1.42E+11,1261265,10801.57,90.84
107/01/04,6740175303,1.44E+11,1320748,10848.63,47.06
107/01/05,6715972144,1.44E+11,1278348,10879.8,31.17
107/01/08,6747313493,1.39E+11,1338571,10915.75,35.95
107/01/09,6453410283,1.33E+11,1185568,10914.89,-0.86
107/01/10,6815293008,1.39E+11,1262433,10831.09,-83.8
107/01/11,5956643953,1.25E+11,1105588,10810.06,-21.03
107/01/12,6419338409,1.28E+11,1128608,10883.96,73.9
107/01/15,6273636454,1.27E+11,1083726,10956.31,72.35
107/01/16,6569860182,1.33E+11,1185510,10986.11,29.8
107/01/17,7468213298,1.49E+11,1368586,11004.8,18.69
107/01/18,7149380963,1.52E+11,1247389,11071.57,66.77
107/01/19,6276312147,1.37E+11,1125538,11150.85,79.28
107/01/22,7242725457,1.51E+11,1239223,11231.46,80.61
107/01/23,7873977230,1.65E+11,1310507,11253.11,21.65
107/01/24,7272231969,1.48E+11,1198267,11152.16,-100.95
107/01/25,7802501963,1.64E+11,1321496,11165.95,13.79
107/01/26,6638578790,1.39E+11,1139438,11147.1,-18.85
107/01/29,6316563408,1.32E+11,1094115,11221.81,74.71
107/01/30,6737209253,1.39E+11,1148525,11076.78,-145.03
107/01/31,6625691373,1.36E+11,1087145,11103.79,27.01
107/02/01,6159445664,1.23E+11,1019601,11160.25,56.46
107/02/02,5567454998,1.21E+11,936819,11126.23,-34.02
107/02/05,6014356481,1.30E+11,1082776,10946.25,-179.98
107/02/06,10480219602,2.42E+11,2040709,10404,-542.25
107/02/07,7521254378,1.76E+11,1348104,10551.54,147.54
107/02/08,6101573814,1.22E+11,1034150,10528.52,-23.02
107/02/09,6421173807,1.52E+11,1261285,10371.75,-156.77
107/02/12,4309653550,1.10E+11,920462,10421.09,49.34
107/02/21,6062820063,1.55E+11,1156041,10714.44,293.35
107/02/22,6153849673,1.28E+11,1008798,10662.38,-52.06
107/02/23,6362066582,1.28E+11,1126176,10794.55,132.17
107/02/26,6063669788,1.22E+11,1050586,10836.7,42.15
107/02/27,6624161500,1.40E+11,1111949,10815.47,-21.23
107/03/01,6409193106,1.32E+11,1119451,10785.79,-29.68
107/03/02,5540635421,1.11E+11,1006291,10698.17,-87.62
107/03/05,5336510339,1.14E+11,1028536,10642.9,-55.27
107/03/06,5085558928,1.13E+11,927193,10784.34,141.44
107/03/07,5642178343,1.23E+11,1030385,10745.32,-39.02
107/03/08,6378116374,1.21E+11,1072781,10823.24,77.92
107/03/09,6282166877,1.25E+11,1053649,10864.82,41.58
107/03/12,6991178817,1.41E+11,1186002,11002.1,137.28
107/03/13,6549500632,1.34E+11,1121634,11095.63,93.53
107/03/14,5974563971,1.20E+11,1054265,11038.8,-56.83
107/03/15,5841194632,1.13E+11,967890,11018.45,-20.35
107/03/16,6617225747,1.68E+11,1115901,11027.7,9.25
107/03/19,5611915481,1.12E+11,965124,11046.9,19.2
107/03/20,5751472968,1.12E+11,947970,11010.84,-36.06
107/03/21,6342379504,1.33E+11,1097218,11011.07,0.23
107/03/22,7131905911,1.50E+11,1221537,11005.84,-5.23
107/03/23,6868559459,1.50E+11,1232383,10823.33,-182.51
107/03/26,5643019867,1.21E+11,985624,10840.05,16.72
107/03/27,6348820225,1.31E+11,1096007,10986.79,146.74
107/03/28,5690925732,1.18E+11,1015037,10865.66,-121.13
107/03/29,5468779969,1.18E+11,1023023,10845.92,-19.74
107/03/30,5834021898,1.15E+11,1031634,10906.22,60.3
107/03/31,4423640021,76778668460,777091,10919.49,13.27
107/04/02,5336474517,1.03E+11,964508,10888.27,-31.22
107/04/03,5301492210,1.17E+11,1041381,10821.53,-66.74
107/04/09,5779699197,1.32E+11,1159616,10893.53,72
107/04/10,6989937175,1.44E+11,1273903,10927.18,33.65
107/04/11,6297419793,1.30E+11,1142506,10974.02,46.84
107/04/12,5611874271,1.11E+11,1008181,10955.29,-18.73
107/04/13,6238785909,1.26E+11,1070532,10965.39,10.1
107/04/16,6409388023,1.27E+11,1095323,10954.55,-10.84
107/04/17,6616520955,1.54E+11,1215854,10810.45,-144.1
107/04/18,6543380349,1.49E+11,1124573,10847.89,37.44
107/04/19,7111365126,1.56E+11,1191068,10971.22,123.33
107/04/20,6806918316,1.58E+11,1104024,10779.38,-191.84
107/04/23,6051313412,1.37E+11,1053887,10697.13,-82.25
107/04/24,6782959305,1.60E+11,1253403,10579.5,-117.63
107/04/25,6351251370,1.37E+11,1088785,10559.97,-19.53
107/04/26,6642525657,1.41E+11,1175271,10488.58,-71.39
107/04/27,5884380348,1.20E+11,978682,10553.43,64.85
107/04/30,6128822684,1.19E+11,944190,10657.88,104.45
107/05/02,6324416080,1.29E+11,1023004,10618.81,-39.07
107/05/03,5841156553,1.24E+11,993874,10514.18,-104.63
107/05/04,5653857640,1.21E+11,958698,10529.37,15.19
107/05/07,6108995691,1.26E+11,956892,10604.91,75.54
107/05/08,7064737649,1.34E+11,1042424,10691.38,86.47
107/05/09,7074991040,1.36E+11,1123979,10703.35,11.97
107/05/10,7062376802,1.39E+11,1102455,10760.21,56.86
107/05/11,7399223416,1.66E+11,1248505,10858.98,98.77
107/05/14,7222849033,1.45E+11,1168845,10952.39,93.41
107/05/15,7275156962,1.54E+11,1259302,10874.73,-77.66
107/05/16,7224691612,1.39E+11,1258230,10897.57,22.84
107/05/17,6908232453,1.34E+11,1133488,10833.81,-63.76
107/05/18,6809564130,1.28E+11,1096584,10830.84,-2.97
107/05/21,7127060919,1.28E+11,1111966,10966.2,135.36
107/05/22,7244202099,1.35E+11,1115814,10938.73,-27.47
107/05/23,6751995051,1.40E+11,1128547,10886.18,-52.55
107/05/24,6331255981,1.28E+11,1063601,10936.93,50.75
107/05/25,6446493244,1.29E+11,1077863,10942.3,5.37
107/05/28,6798818929,1.41E+11,1126688,10987.77,45.47
107/05/29,6779308332,1.41E+11,1158970,10964.12,-23.65
107/05/30,7427700284,1.64E+11,1344635,10821.17,-142.95
107/05/31,8683904322,2.39E+11,1405646,10874.96,53.79
107/06/01,6791499798,1.41E+11,1235468,10949.08,74.12
107/06/04,7608946367,1.58E+11,1297838,11109.5,160.42
107/06/05,7768901127,1.64E+11,1354290,11100.11,-9.39
107/06/06,8106541820,1.73E+11,1342941,11201.83,101.72
107/06/07,8651462832,1.90E+11,1452869,11251.75,49.92
107/06/08,7457434235,1.63E+11,1274963,11156.42,-95.33
107/06/11,6544815539,1.56E+11,1205053,11149.23,-7.19
107/06/12,7363237748,1.83E+11,1359741,11144.79,-4.44
107/06/13,7532863350,1.79E+11,1379575,11173.21,28.42
107/06/14,7130242175,1.67E+11,1350719,11013.98,-159.23
107/06/15,7438455164,1.93E+11,1273779,11087.47,73.49
107/06/19,7290686719,1.72E+11,1362200,10904.19,-183.28
107/06/20,7461838541,1.81E+11,1402140,10927.44,23.25
107/06/21,6238887073,1.38E+11,1106856,10941.07,13.63
107/06/22,6466160866,1.52E+11,1205266,10899.28,-41.79
107/06/25,5583981499,1.27E+11,1062748,10786.46,-112.82
107/06/26,6545486831,1.43E+11,1198251,10742.17,-44.29
107/06/27,6039482471,1.49E+11,1127177,10701.03,-41.14
107/06/28,5819485996,1.33E+11,1056734,10654.28,-46.75
107/06/29,5905588515,1.42E+11,1022448,10836.91,182.63
107/07/02,6297627910,1.45E+11,1034537,10777.94,-58.97
107/07/03,6742265650,1.73E+11,1238857,10715.72,-62.22
107/07/04,5478787032,1.24E+11,953179,10721.87,6.15
107/07/05,5359021884,1.33E+11,998158,10611.81,-110.06
107/07/06,6165283695,1.62E+11,1180601,10608.57,-3.24
107/07/09,6127736656,1.40E+11,986658,10720.28,111.71
107/07/10,6300857261,1.27E+11,1012026,10756.89,36.61
107/07/11,5545633962,1.32E+11,955501,10676.84,-80.05
107/07/12,5983221321,1.33E+11,955007,10738.38,61.54
107/07/13,6738061000,1.45E+11,1039898,10864.54,126.16
107/07/16,5842702203,1.27E+11,948649,10817.45,-47.09
107/07/17,5769752253,1.35E+11,998289,10778.99,-38.46
107/07/18,6625523497,1.66E+11,1213014,10842.46,63.47
107/07/19,5902184753,1.45E+11,986751,10835.38,-7.08
107/07/20,5917717874,1.68E+11,1064472,10932.11,96.73
107/07/23,5548013259,1.50E+11,1026847,10946.89,14.78
107/07/24,5925802969,1.46E+11,1030270,10995.39,48.5
107/07/25,5563011487,1.24E+11,937502,10965.79,-29.6
107/07/26,5644454704,1.34E+11,1004961,11010.61,44.82
107/07/27,5679074504,1.26E+11,1010105,11075.78,65.17
107/07/30,5483470910,1.27E+11,973756,11033.54,-42.24
107/07/31,5767326753,1.59E+11,1041231,11057.51,23.97
107/08/01,5996017371,1.45E+11,1019958,11098.13,40.62
107/08/02,6199124933,1.42E+11,1083246,10929.77,-168.36
107/08/03,4935006119,1.37E+11,953146,11012.43,82.66
107/08/06,5237227569,1.17E+11,919883,11024.1,11.67
107/08/07,5150225796,1.21E+11,930272,10983.44,-40.66
107/08/08,5558289226,1.43E+11,997166,11075.25,91.81
107/08/09,5319750759,1.27E+11,919167,11028.07,-47.18
107/08/10,5009261499,1.26E+11,961057,10983.68,-44.39
107/08/13,6399194482,1.60E+11,1302649,10748.92,-234.76
107/08/14,5398052266,1.38E+11,1042601,10824.23,75.31
107/08/15,5519384107,1.36E+11,1144742,10716.75,-107.48
107/08/16,5550144713,1.42E+11,1098522,10683.9,-32.85
107/08/17,4989296065,1.28E+11,968410,10690.96,7.06
107/08/20,4629729381,1.15E+11,927796,10699.05,8.09
107/08/21,4727595568,1.14E+11,905699,10792.2,93.15
107/08/22,4728591327,98684270435,873111,10804.2,12
107/08/23,4769725906,1.01E+11,886357,10863.13,58.93
107/08/24,4249499478,97695889124,814429,10809.35,-53.78
107/08/27,4313459806,1.06E+11,849879,10902.21,92.86
107/08/28,4739152956,1.30E+11,930690,10989.55,87.34
107/08/29,4557454639,1.21E+11,904362,11099.57,110.02
107/08/30,4462463812,1.16E+11,906323,11093.75,-5.82
107/08/31,4458244404,1.22E+11,847882,11063.94,-29.81
107/09/03,4234197702,1.13E+11,888862,10964.22,-99.72
107/09/04,4170510917,1.18E+11,795778,11021.38,57.16
107/09/05,4513317388,1.19E+11,883251,10995.13,-26.25
107/09/06,4796498118,1.32E+11,960303,10924.3,-70.83
107/09/07,5429698576,1.53E+11,1176559,10846.99,-77.31
107/09/10,5324887957,1.57E+11,1166823,10725.8,-121.19
107/09/11,4711558008,1.30E+11,979407,10752.3,26.5
107/09/12,4602769731,1.25E+11,967583,10722.57,-29.73
107/09/13,4279561828,1.16E+11,929226,10727.23,4.66
107/09/14,4848643672,1.29E+11,1010627,10868.14,140.91
107/09/17,4052796855,91029213095,779311,10828.61,-39.53
107/09/18,4614731238,1.18E+11,934460,10760.21,-68.4
107/09/19,4940750820,1.33E+11,1007088,10857.27,97.06
107/09/20,4812017707,1.35E+11,996376,10831.41,-25.86
107/09/21,5329716851,1.60E+11,1088187,10972.41,141
107/09/25,4454281369,1.16E+11,930351,10978.85,6.44
107/09/26,4424515006,1.08E+11,900445,10974.19,-4.66
107/09/27,4678006285,1.24E+11,986665,11034.19,60
107/09/28,4882600441,1.39E+11,1008212,11006.34,-27.85
107/10/01,3999456337,93893565170,818813,11051.8,45.46
107/10/02,4364344732,1.09E+11,887779,10919.63,-132.17
107/10/03,3933472751,1.01E+11,860847,10863.94,-55.69
107/10/04,4190095302,1.13E+11,935145,10718.91,-145.03
107/10/05,5546633629,1.51E+11,1239882,10517.12,-201.79
107/10/08,4568330051,1.27E+11,963348,10455.93,-61.19
107/10/09,4697177996,1.23E+11,1029787,10466.83,10.9
107/10/11,8106979104,2.09E+11,1784048,9806.11,-660.72
107/10/12,5971925811,1.48E+11,1281351,10045.81,239.7
107/10/15,4747150473,1.18E+11,986754,9901.12,-144.69
107/10/16,4364437995,1.09E+11,956442,9981.1,79.98
107/10/17,4428849977,1.15E+11,992373,9979.14,-1.96
107/10/18,3934317954,97721028236,850099,9953.73,-25.41
107/10/19,5105938592,1.27E+11,1008528,9919.26,-34.47
107/10/22,4612358819,1.02E+11,876585,9974.28,55.02
107/10/23,4586506051,1.03E+11,930519,9775.2,-199.08
107/10/24,5256076794,1.25E+11,1095016,9759.4,-15.8
107/10/25,5692966580,1.32E+11,1158778,9520.79,-238.61
107/10/26,5138373822,1.33E+11,1137098,9489.18,-31.61
107/10/29,4694880424,1.07E+11,938929,9516.32,27.14
107/10/30,4538617371,1.01E+11,920901,9526.11,9.79
107/10/31,5330499460,1.32E+11,1050447,9802.13,276.02
107/11/01,5494351265,1.29E+11,1061737,9844.74,42.61
107/11/02,6166533874,1.54E+11,1205983,9906.59,61.85
107/11/05,4881248460,1.09E+11,889652,9889.81,-16.78
107/11/06,4909283053,1.19E+11,954177,9824.95,-64.86
107/11/07,4947603515,1.19E+11,970925,9908.35,83.4
107/11/08,5069149565,1.21E+11,1022681,9945.31,36.96
107/11/09,4442314349,1.03E+11,887771,9830.01,-115.3
107/11/12,4124137532,91773138199,806689,9831.21,1.2
107/11/13,5100040520,1.13E+11,997621,9775.84,-55.37
107/11/14,4771348161,1.05E+11,979042,9791.88,16.04
107/11/15,4542438638,98471208936,944258,9826.46,34.58
107/11/16,4804811233,1.18E+11,1052058,9797.09,-29.37
107/11/19,4034353937,93254848646,843800,9828.69,31.6
107/11/20,3958878143,94008900501,848729,9743.99,-84.7
107/11/21,4168359212,1.03E+11,905563,9741.52,-2.47
107/11/22,4054665951,99885638318,899121,9714.71,-26.81
107/11/23,3712052867,77557383544,763758,9667.3,-47.41
107/11/26,3938988241,91104691173,837578,9765.36,98.06
107/11/27,4333008909,1.02E+11,939355,9778.62,13.26
107/11/28,5413428690,1.29E+11,1162414,9884.31,105.69
107/11/29,5863859324,1.44E+11,1251496,9885.36,1.05
107/11/30,6607048362,1.71E+11,1194817,9888.03,2.67
107/12/03,6946878025,1.71E+11,1404681,10137.87,249.84
107/12/04,5608425855,1.46E+11,1229128,10083.54,-54.33
107/12/05,4775470945,1.16E+11,1028395,9916.74,-166.8
107/12/06,5646459909,1.44E+11,1301591,9684.72,-232.02
107/12/07,3942174058,99263597750,868323,9760.88,76.16
107/12/10,4266647968,1.00E+11,940738,9647.54,-113.34
107/12/11,3653814843,92803242672,839163,9707.04,59.5
107/12/12,4137436106,1.02E+11,921315,9816.45,109.41
107/12/13,4546795068,1.14E+11,990923,9858.76,42.31
107/12/14,3931391957,97548330195,886843,9774.16,-84.6
107/12/17,3650943692,80679374181,779211,9787.53,13.37
107/12/18,4276570088,96717303977,944025,9718.82,-68.71
107/12/19,3976346583,91299708034,901645,9783.21,64.39
107/12/20,4259530460,95625770700,905163,9674.52,-108.69
107/12/21,4678645949,1.12E+11,904805,9676.67,2.15
107/12/22,2329327867,38712598698,459160,9646.16,-30.51
107/12/24,3036249269,69036778986,702536,9639.7,-6.46
107/12/25,3588943049,73621130055,790106,9527.09,-112.61
107/12/26,3101879294,69620545072,718300,9478.99,-48.1
107/12/27,3676346987,82030943013,787310,9641.56,162.57
107/12/28,3102573670,74821387051,659996,9727.41,85.85
108/01/02,3181887841,72547773700,660838,9554.14,-173.27
108/01/03,3909333451,91094097004,807547,9492.42,-61.72
108/01/04,4641922302,1.08E+11,948053,9382.51,-109.91
108/01/07,4278680826,93583260671,850277,9590.3,207.79
108/01/08,3442382026,78623715348,756674,9563.6,-26.7
108/01/09,5087083731,1.29E+11,1125076,9738.31,174.71
108/01/10,3944590060,89312480461,832208,9720.69,-17.62
108/01/11,3875542401,95336079835,834138,9759.4,38.71
108/01/14,3305220514,72773851108,722445,9708.22,-51.18
108/01/15,3985662444,1.01E+11,839665,9806.04,97.82
108/01/16,4098793757,96069073531,918368,9763.81,-42.23
108/01/17,3795594300,93111194317,875014,9789.15,25.34
108/01/18,3833530842,97921400099,806593,9836.06,46.91
108/01/21,3914447157,93904025863,815848,9889.4,53.34
108/01/22,3237523867,79010747384,725164,9894.66,5.26
108/01/23,2835523374,67550341780,633785,9846.4,-48.26
108/01/24,3207913049,86041842481,768543,9877.12,30.72
108/01/25,4394588949,1.14E+11,966118,9969.61,92.49
108/01/28,3871048803,95630191548,853951,10013.33,43.72
108/01/29,3378364920,90336972123,789957,9931.59,-81.74
108/01/30,3297972632,1.03E+11,811636,9932.26,0.67
108/02/11,4608242036,1.35E+11,1079889,10004.25,71.99
108/02/12,5050706893,1.25E+11,1104361,10097.74,93.49
108/02/13,5252463736,1.41E+11,1170756,10090.58,-7.16
108/02/14,4646306230,1.14E+11,1037808,10089.01,-1.57
108/02/15,4550944915,1.14E+11,1048542,10064.78,-24.23
108/02/18,4301150124,1.08E+11,973107,10145.28,80.5
108/02/19,4208666420,1.05E+11,941172,10152.26,6.98
108/02/20,4830625985,1.34E+11,1158962,10272.46,120.2
108/02/21,4884960499,1.25E+11,1134346,10319.53,47.07
108/02/22,4345793519,1.18E+11,1026094,10322.92,3.39
108/02/25,5156758866,1.35E+11,1132402,10390.93,68.01
108/02/26,5028654843,1.41E+11,1149841,10391.55,0.62
108/02/27,4527551576,1.38E+11,1020105,10389.17,-2.38
108/03/04,4682754149,1.41E+11,1120114,10349.88,-39.29
108/03/05,3898184981,1.06E+11,912310,10305.26,-44.62
108/03/06,3747917563,1.01E+11,925386,10357.15,51.89
108/03/07,4271904186,1.09E+11,986994,10311.68,-45.47
108/03/08,4256028989,1.06E+11,944783,10241.75,-69.93
108/03/11,3727319970,94174979910,858287,10250.28,8.53
108/03/12,4177042544,1.11E+11,988317,10343.33,93.05
108/03/13,3739561974,97359550083,885165,10373.32,29.99
108/03/14,4103823880,1.16E+11,1024921,10348.65,-24.67
108/03/15,5087001761,1.55E+11,1083606,10439.24,90.59
108/03/18,4363088952,1.17E+11,1073668,10512.7,73.46
108/03/19,4461990818,1.19E+11,1085757,10512.32,-0.38
108/03/20,4276095686,1.19E+11,1096614,10551.56,39.24
108/03/21,4144837307,1.13E+11,1035536,10609.55,57.99
108/03/22,4800555123,1.32E+11,1179130,10639.07,29.52
108/03/25,4477541500,1.10E+11,1037987,10479.48,-159.59
108/03/26,3852511723,1.05E+11,968091,10559.2,79.72
108/03/27,4025702296,1.05E+11,966624,10542.7,-16.5
108/03/28,3801407450,90628313116,888625,10536.26,-6.44
108/03/29,4735272511,1.24E+11,1022483,10641.04,104.78
108/04/01,5543097993,1.54E+11,1291895,10642.63,1.59
108/04/02,4649133267,1.35E+11,1165669,10690.3,47.67
108/04/03,4099474088,1.18E+11,1044779,10704.38,14.08
108/04/08,5397269130,1.60E+11,1266398,10800.57,96.19
108/04/09,5083146536,1.40E+11,1179104,10851.6,51.03
108/04/10,4653211646,1.31E+11,1125704,10868.14,16.54
108/04/11,5053919906,1.40E+11,1180449,10808.77,-59.37
108/04/12,4364261953,1.21E+11,1071286,10805.3,-3.47
108/04/15,4604440832,1.20E+11,1062887,10875.6,70.3
108/04/16,5035157825,1.33E+11,1204091,10927.85,52.25
108/04/17,5520963424,1.69E+11,1387025,10997.26,69.41
108/04/18,5725981285,1.81E+11,1355211,10962.02,-35.24
108/04/19,4472499620,1.29E+11,1026651,10968.5,6.48
108/04/22,4430982334,1.12E+11,1016713,10987.71,19.21
108/04/23,4014010069,1.12E+11,961970,11025.68,37.97
108/04/24,4274070951,1.26E+11,1023312,11027.64,1.96
108/04/25,4082642051,1.16E+11,962616,11039.86,12.22
108/04/26,4420373126,1.16E+11,973414,10952.47,-87.39
108/04/29,4142692371,1.21E+11,980491,10939.06,-13.41
108/04/30,3705946980,1.09E+11,857141,10967.73,28.67
108/05/02,3605687224,1.04E+11,857591,11004.49,36.76
108/05/03,3875733890,1.16E+11,882935,11096.3,91.81
108/05/06,5130836386,1.39E+11,1132129,10897.12,-199.18
108/05/07,3849934585,1.13E+11,878902,10987.14,90.02
108/05/08,4126259523,1.11E+11,931940,10923.71,-63.43
108/05/09,5190749075,1.42E+11,1204274,10733.67,-190.04
108/05/10,4735426313,1.25E+11,1080997,10712.99,-20.68
108/05/13,4080948014,1.14E+11,994792,10558.29,-154.7
108/05/14,5244992088,1.40E+11,1196365,10519.25,-39.04
108/05/15,4224701558,1.16E+11,993321,10560.71,41.46
108/05/16,4299212427,1.15E+11,1016689,10474.61,-86.1
108/05/17,4828248700,1.32E+11,1120185,10384.11,-90.5
108/05/20,3996675317,1.09E+11,918512,10398.41,14.3
108/05/21,4519183973,1.30E+11,1035223,10464.5,66.09
108/05/22,3769296457,96097987810,826874,10457.22,-7.28
108/05/23,4354371251,1.19E+11,1018299,10308.37,-148.85
108/05/24,3884772434,1.03E+11,882768,10328.28,19.91
108/05/27,3577828232,92744163214,833532,10334.13,5.85
108/05/28,4917736284,1.55E+11,841073,10312.31,-21.82
108/05/29,3819679695,95440591792,896738,10301.78,-10.53
108/05/30,3904131920,99248430651,853161,10382.99,81.21
108/05/31,4760031231,1.26E+11,1004840,10498.49,115.5
108/06/03,3979301714,97423329076,831863,10500.07,1.58
108/06/04,3485945699,89544975177,788257,10429.12,-70.95
108/06/05,3685787065,99778803202,818101,10461.62,32.5
108/06/06,3670200774,99333308327,789845,10409.2,-52.42
108/06/10,4262145321,1.09E+11,875587,10566.47,157.27
108/06/11,5029081943,1.23E+11,1074259,10607.76,41.29
108/06/12,4188927572,1.03E+11,912440,10615.66,7.9
108/06/13,3784953054,97958419371,814507,10561.01,-54.65
108/06/14,3216009068,85539324623,756304,10524.67,-36.34
108/06/17,3248850928,89501173245,741836,10530.54,5.87
108/06/18,3103689820,80983143069,726928,10566.74,36.2
108/06/19,5034596221,1.42E+11,1173158,10775.34,208.6
108/06/20,5022058535,1.29E+11,1052920,10785.01,9.67
108/06/21,5345671118,1.53E+11,1074115,10803.77,18.76
108/06/24,3629979170,97539681077,806029,10779.45,-24.32
108/06/25,3891025743,1.01E+11,850899,10706.72,-72.73
108/06/26,3364138588,87513870371,749404,10652.55,-54.17
108/06/27,4490875726,1.27E+11,959854,10773.9,121.35
108/06/28,3449967866,91418249508,750967,10730.83,-43.07
108/07/01,4985631880,1.46E+11,1089572,10895.46,164.63
108/07/02,4295548703,1.21E+11,991072,10865.12,-30.34
108/07/03,4246162907,1.13E+11,938659,10743.77,-121.35
108/07/04,3797646624,98158438333,828014,10775.9,32.13
108/07/05,3400302424,86511212135,752681,10785.73,9.83
108/07/08,3738945153,97082027949,815372,10751.22,-34.51
108/07/09,3474464386,94204036152,836475,10702.78,-48.44
108/07/10,4044852809,1.04E+11,932562,10798.48,95.7
108/07/11,4997530807,1.32E+11,1071497,10843.42,44.94
108/07/12,4559013456,1.22E+11,1031495,10824.35,-19.07
108/07/15,4625135650,1.21E+11,1005175,10876.43,52.08
108/07/16,4451418488,1.20E+11,1037335,10886.05,9.62
108/07/17,4588257766,1.16E+11,1048002,10828.48,-57.57
108/07/18,4212328479,1.06E+11,961380,10799.28,-29.2
108/07/19,4502161924,1.24E+11,982410,10873.19,73.91
108/07/22,4435604953,1.19E+11,977980,10944.53,71.34
108/07/23,4564947566,1.28E+11,1077697,10947.26,2.73
108/07/24,4789346753,1.33E+11,1132545,10935.76,-11.5
108/07/25,5034848310,1.34E+11,1131686,10941.41,5.65
108/07/26,4227775498,1.12E+11,1002794,10891.98,-49.43
108/07/29,3873144739,1.06E+11,945531,10885.73,-6.25
108/07/30,4493608915,1.31E+11,1099181,10830.9,-54.83
108/07/31,4476398294,1.32E+11,1046160,10823.81,-7.09
108/08/01,4521619307,1.31E+11,1098159,10731.75,-92.06
108/08/02,5675601956,1.60E+11,1300394,10549.04,-182.71
108/08/05,4911728030,1.29E+11,1107939,10423.41,-125.63
108/08/06,6008242875,1.46E+11,1232634,10394.75,-28.66
108/08/07,4468033535,1.22E+11,1059318,10386.18,-8.57
108/08/08,4470132577,1.24E+11,998888,10494.49,108.31
108/08/12,4517408511,1.27E+11,1065930,10472.36,-22.13
108/08/13,4522361553,1.19E+11,1086625,10362.66,-109.7
108/08/14,5037463848,1.46E+11,1209469,10427.73,65.07
108/08/15,5071669820,1.23E+11,1127916,10327.13,-100.6
108/08/16,4700960825,1.20E+11,1133574,10420.89,93.76
108/08/19,4574050378,1.20E+11,1068019,10488.75,67.86
108/08/20,4542661753,1.21E+11,1070480,10522.5,33.75
108/08/21,3932448282,1.11E+11,1006299,10525.8,3.3
108/08/22,4396250909,1.23E+11,1072360,10529.78,3.98
108/08/23,3942656466,1.10E+11,947669,10538.11,8.33
108/08/26,4862207637,1.17E+11,1016154,10354.57,-183.54
108/08/27,4120194542,1.24E+11,894549,10387.23,32.66
108/08/28,3597431879,1.02E+11,878572,10434.29,47.06
108/08/29,3866814680,1.04E+11,937813,10462.43,28.14
108/08/30,5323560006,1.48E+11,1199598,10618.05,155.62
108/09/02,4333278342,1.06E+11,981744,10634.85,16.8
108/09/03,4043809186,1.06E+11,949727,10558.21,-76.64
108/09/04,4338123349,1.07E+11,972295,10657.31,99.1
108/09/05,6013120362,1.55E+11,1261814,10756.93,99.62
108/09/06,4827692321,1.31E+11,1107361,10780.64,23.71
108/09/09,4543925038,1.17E+11,1027773,10801.14,20.5
108/09/10,4475712468,1.21E+11,986052,10753.58,-47.56
108/09/11,4310865154,1.20E+11,974736,10790.35,36.77
108/09/12,4330422356,1.21E+11,962901,10827.55,37.2
108/09/16,4390073832,1.20E+11,1005025,10898.13,70.58
108/09/17,4238580734,1.18E+11,1001017,10874.5,-23.63
108/09/18,4380465735,1.30E+11,1113809,10929.45,54.95
108/09/19,4094709966,1.15E+11,922567,10894.7,-34.75
108/09/20,4712806256,1.48E+11,1015743,10929.69,34.99
108/09/23,3976565745,1.07E+11,978964,10919.02,-10.67
108/09/24,3872481764,1.10E+11,1013261,10918.01,-1.01
108/09/25,3880868893,1.06E+11,954407,10873.69,-44.32
108/09/26,3878756606,1.16E+11,945745,10871.99,-1.7
108/09/27,4211145537,1.25E+11,1031089,10829.68,-42.31
108/10/01,4472012581,1.50E+11,1051359,10967.65,137.97
108/10/02,3889705896,1.17E+11,907447,10947.88,-19.77
108/10/03,4266892114,1.22E+11,937395,10875.91,-71.97
108/10/04,3672471435,1.24E+11,944155,10894.48,18.57
108/10/07,3586313676,1.14E+11,902747,10935.06,40.58
108/10/08,4035566505,1.31E+11,992378,11017.31,82.25
108/10/09,4030996232,1.30E+11,1008288,10889.96,-127.35
108/10/14,5403098341,1.63E+11,1202006,11066.95,176.99
108/10/15,4269306106,1.38E+11,1090687,11111.8,44.85
108/10/16,4714707622,1.48E+11,1226562,11162.83,51.03
108/10/17,4076737762,1.24E+11,1021958,11186.88,24.05
108/10/18,4569104603,1.46E+11,1037299,11180.22,-6.66
108/10/21,3463242846,1.03E+11,885891,11184.15,3.93
108/10/22,4030052349,1.27E+11,1070035,11271.25,87.1
108/10/23,4355567323,1.41E+11,1175033,11239.67,-31.58
108/10/24,4619088226,1.43E+11,1088782,11320.14,80.47
108/10/25,4168409032,1.30E+11,1035376,11296.12,-24.02
108/10/28,3817458209,1.18E+11,945068,11315.02,18.9
108/10/29,4323618372,1.47E+11,1142582,11333.87,18.85
108/10/30,3839427664,1.25E+11,1013779,11380.28,46.41
108/10/31,4573175921,1.56E+11,1120020,11358.71,-21.57
108/11/01,4127358231,1.37E+11,1001395,11399.53,40.82
108/11/04,5039807127,1.58E+11,1185810,11556.85,157.32
108/11/05,4832472822,1.56E+11,1147125,11644.03,87.18
108/11/06,5054923364,1.61E+11,1210657,11653.07,9.04
108/11/07,4416657686,1.42E+11,1077246,11606.56,-46.51
108/11/08,4256500569,1.42E+11,1047241,11579.54,-27.02
108/11/11,4657136487,1.54E+11,1135233,11427.28,-152.26
108/11/12,3791823798,1.20E+11,970444,11520.37,93.09
108/11/13,3533002385,1.17E+11,967717,11467.83,-52.54
108/11/14,3979806458,1.32E+11,1069809,11450.42,-17.41
108/11/15,4272058994,1.32E+11,1056804,11525.6,75.18
108/11/18,3869365167,1.10E+11,951643,11599.78,74.18
108/11/19,4131971972,1.24E+11,1008506,11656.4,56.62
108/11/20,3845936601,1.18E+11,1001331,11631.2,-25.2
108/11/21,3940917283,1.22E+11,959319,11558.27,-72.93
108/11/22,3669395111,1.09E+11,913089,11566.8,8.53
108/11/25,3954172281,1.14E+11,937981,11561.58,-5.22
108/11/26,5309655285,2.02E+11,998150,11576.82,15.24
108/11/27,4334379770,1.10E+11,956203,11647.46,70.64
108/11/28,3930383785,1.06E+11,896972,11617.08,-30.38
108/11/29,4447827736,1.21E+11,1010390,11489.57,-127.51
108/12/02,4295183489,1.15E+11,979115,11502.83,13.26
108/12/03,3791301775,1.10E+11,901318,11531.58,28.75
108/12/04,3834439433,1.09E+11,892942,11510.47,-21.11
108/12/05,4393485800,1.25E+11,972457,11594.65,84.18
108/12/06,3900027702,1.13E+11,946293,11609.64,14.99
108/12/09,4433349416,1.24E+11,960606,11660.77,51.13
108/12/10,4100752342,1.05E+11,906991,11627.84,-32.93
108/12/11,4024932158,1.29E+11,989216,11700.77,72.93
108/12/12,4768917020,1.54E+11,1141832,11836.42,135.65
108/12/13,5505203822,1.73E+11,1278529,11927.73,91.31
108/12/16,5076417907,1.45E+11,1107195,11939.77,12.04
108/12/17,5325369317,1.57E+11,1213786,12097.01,157.24
108/12/18,4817570616,1.51E+11,1198571,12122.45,25.44
108/12/19,4222936921,1.38E+11,991627,12018.9,-103.55
108/12/20,4682666887,1.71E+11,1034618,11959.08,-59.82
108/12/23,3756921614,1.14E+11,919900,12022.23,63.15
108/12/24,3313869005,1.04E+11,832595,11976.38,-45.85
108/12/25,3174857162,91222874033,803082,12008.13,31.75
108/12/26,3176657722,1.01E+11,854591,12001.01,-7.12
108/12/27,3729441881,1.09E+11,904820,12091.59,90.58
108/12/30,3867671936,1.26E+11,951613,12053.37,-38.22
108/12/31,3475032122,1.18E+11,866886,11997.14,-56.23
109/01/02,4335855134,1.43E+11,1060157,12100.48,103.34
109/01/03,5527302314,1.94E+11,1346033,12110.43,9.95
109/01/06,4679171407,1.44E+11,1093048,11953.36,-157.07
109/01/07,4659753372,1.66E+11,1140038,11880.32,-73.04
109/01/08,5076957155,1.51E+11,1102233,11817.1,-63.22
109/01/09,4490694421,1.34E+11,963538,11970.63,153.53
109/01/10,4171337059,1.29E+11,931433,12024.65,54.02
109/01/13,4685839381,1.43E+11,1061144,12113.42,88.77
109/01/14,4865029032,1.54E+11,1116320,12179.81,66.39
109/01/15,4161534787,1.53E+11,1003233,12091.88,-87.93
109/01/16,3843280736,1.41E+11,978552,12066.93,-24.95
109/01/17,3942939186,1.34E+11,940670,12090.29,23.36
109/01/20,3495615517,1.16E+11,892756,12118.71,28.42
109/01/30,8369093057,2.78E+11,2091196,11421.74,-696.97
109/01/31,5699273535,1.77E+11,1379131,11495.1,73.36
109/02/03,7052356044,1.84E+11,1540915,11354.92,-140.18
109/02/04,5734166171,1.62E+11,1276175,11555.92,201
109/02/05,5469767866,1.58E+11,1257448,11573.62,17.7
109/02/06,5395679056,1.45E+11,1110765,11749.68,176.06
109/02/07,4677911356,1.30E+11,1100135,11612.81,-136.87
109/02/10,4891318956,1.32E+11,1077815,11574.07,-38.74
109/02/11,4548297802,1.23E+11,949833,11664.04,89.97
109/02/12,4891074264,1.50E+11,1113574,11774.19,110.15
109/02/13,4996699902,1.41E+11,1142029,11791.78,17.59
109/02/14,3926585866,1.13E+11,924818,11815.7,23.92
109/02/17,4165125205,1.16E+11,967877,11763.51,-52.19
109/02/18,4315111980,1.41E+11,1009270,11648.98,-114.53
109/02/19,4774544232,1.42E+11,1094355,11758.84,109.86
109/02/20,4743317723,1.35E+11,1074696,11725.09,-33.75
109/02/21,4500184633,1.25E+11,1028044,11686.35,-38.74
109/02/24,5394033615,1.40E+11,1196934,11534.87,-151.48
109/02/25,5387661535,1.55E+11,1197950,11540.23,5.36
109/02/26,6218057244,1.77E+11,1319355,11433.62,-106.61
109/02/27,7211740462,2.03E+11,1604650,11292.17,-141.45
109/03/02,7284842170,2.03E+11,1634226,11170.46,-121.71
109/03/03,6007281977,1.65E+11,1313756,11327.72,157.26
109/03/04,5039075843,1.41E+11,1082165,11392.35,64.63
109/03/05,5060603723,1.46E+11,1156055,11514.82,122.47
109/03/06,5659175395,1.51E+11,1356083,11321.81,-193.01
109/03/09,9368411895,2.33E+11,2154691,10977.64,-344.17
109/03/10,8600866018,2.08E+11,1792581,11003.54,25.9
109/03/11,7389097374,1.78E+11,1537557,10893.75,-109.79
109/03/12,10401683029,2.71E+11,2387131,10422.32,-471.43
109/03/13,11980302682,3.04E+11,2607692,10128.87,-293.45
109/03/16,7645539728,2.11E+11,1921186,9717.77,-411.1
109/03/17,8206236082,2.38E+11,2123143,9439.63,-278.14
109/03/18,7506547959,2.12E+11,2011362,9218.67,-220.96
109/03/19,10417337257,2.71E+11,2559042,8681.34,-537.33
109/03/20,8313012267,2.37E+11,2030577,9234.09,552.75
109/03/23,5434939207,1.54E+11,1428693,8890.03,-344.06
109/03/24,5685711161,1.55E+11,1438525,9285.62,395.59
109/03/25,6311030678,1.85E+11,1663336,9644.75,359.13
109/03/26,4963011536,1.54E+11,1387294,9736.36,91.61
109/03/27,5715888822,1.82E+11,1588397,9698.92,-37.44
109/03/30,4590872146,1.29E+11,1157638,9629.43,-69.49
109/03/31,4717261406,1.47E+11,1256288,9708.06,78.63
109/04/01,4180562164,1.21E+11,1142447,9663.63,-44.43
109/04/06,5242549478,1.53E+11,1384304,9818.74,155.11
109/04/07,5596397343,1.74E+11,1569883,9996.39,177.65
109/04/08,5578131903,1.71E+11,1610057,10137.47,141.08
109/04/09,5230196805,1.65E+11,1526083,10119.43,-18.04
109/04/10,4155990176,1.22E+11,1167379,10157.61,38.18
109/04/13,4698370748,1.19E+11,1251059,10099.22,-58.39
109/04/14,5363296926,1.58E+11,1419673,10332.94,233.72
109/04/15,5647516921,1.95E+11,1691599,10447.21,114.27
109/04/16,4829966706,1.58E+11,1405562,10375.48,-71.73
109/04/17,6364036089,2.33E+11,1778080,10597.04,221.56
109/04/20,3968793048,1.37E+11,1157182,10586.71,-10.33
109/04/21,5920573446,1.85E+11,1764176,10288.42,-298.29
109/04/22,5260027532,1.53E+11,1411104,10307.74,19.32
109/04/23,4677068582,1.56E+11,1298847,10366.51,58.77
109/04/24,4052771112,1.26E+11,1153370,10347.36,-19.15
109/04/27,5540788868,1.79E+11,1483642,10567.27,219.91
109/04/28,5400871093,1.83E+11,1509181,10616.06,48.79
109/04/29,5678828844,1.94E+11,1615692,10772.22,156.16
109/04/30,6546009430,2.32E+11,1817454,10992.14,219.92
109/05/04,5765177939,1.91E+11,1556445,10720.48,-271.66
109/05/05,4705783752,1.79E+11,1418246,10774.61,54.13
109/05/06,5314704402,1.83E+11,1558535,10774.98,0.37
109/05/07,4780230104,1.69E+11,1405855,10842.92,67.94
109/05/08,5098107890,1.88E+11,1527810,10901.42,58.5
109/05/11,5458626713,1.70E+11,1532061,11013.26,111.84
109/05/12,5014964552,1.74E+11,1475993,10879.47,-133.79
109/05/13,4751016651,1.68E+11,1350741,10938.27,58.8
109/05/14,5561899832,1.88E+11,1593373,10780.88,-157.39
109/05/15,4835287814,1.76E+11,1376021,10814.92,34.04
109/05/18,4741087880,1.95E+11,1403818,10740.55,-74.37
109/05/19,5142779078,1.89E+11,1501409,10860.44,119.89
109/05/20,4509534398,1.73E+11,1375269,10907.8,47.36
109/05/21,4885891165,1.72E+11,1390386,11008.31,100.51
109/05/22,5054277645,1.78E+11,1527217,10811.15,-197.16
109/05/25,4139816654,1.49E+11,1207831,10871.18,60.03
109/05/26,5106168038,1.82E+11,1498204,10997.21,126.03
109/05/27,4721324227,1.58E+11,1376696,11014.66,17.45
109/05/28,5239764437,1.73E+11,1498455,10944.19,-70.47
109/05/29,5508327470,2.16E+11,1218573,10942.16,-2.03
109/06/01,4975164301,1.70E+11,1350613,11079.02,136.86
109/06/02,4974734421,1.82E+11,1399684,11127.93,48.91
109/06/03,6431206610,2.15E+11,1670723,11320.16,192.23
109/06/04,5944102520,2.04E+11,1550402,11393.23,73.07
109/06/05,5782637500,1.81E+11,1522634,11479.4,86.17
109/06/08,6425750934,2.04E+11,1702229,11610.32,130.92
109/06/09,5177011975,1.76E+11,1444554,11637.11,26.79
109/06/10,5625828981,1.92E+11,1545108,11720.16,83.05
109/06/11,7133820168,2.41E+11,2013793,11535.77,-184.39
109/06/12,6821881261,1.98E+11,1668249,11429.94,-105.83
109/06/15,5612526407,1.78E+11,1512279,11306.26,-123.68
109/06/16,5551224942,1.83E+11,1437267,11511.64,205.38
109/06/17,5429872580,1.76E+11,1540851,11534.59,22.95
109/06/18,5589608626,1.86E+11,1539555,11548.33,13.74
109/06/19,6809199588,2.52E+11,1775117,11549.86,1.53
109/06/22,5081058638,1.83E+11,1414720,11572.93,23.07
109/06/23,5731275340,2.07E+11,1458467,11612.36,39.43
109/06/24,5087067514,2.03E+11,1369588,11660.67,48.31
109/06/29,5483857324,2.09E+11,1429062,11542.62,-118.05
109/06/30,5238990655,1.97E+11,1366712,11621.24,78.62
109/07/01,5812063202,1.93E+11,1471747,11703.42,82.18
109/07/02,6091006206,1.91E+11,1487513,11805.14,101.72
109/07/03,6484752215,2.19E+11,1666680,11909.16,104.02
109/07/06,7916423089,2.52E+11,1951316,12116.7,207.54
109/07/07,7651045729,2.78E+11,1994922,12092.97,-23.73
109/07/08,6363746201,2.43E+11,1755000,12170.19,77.22
109/07/09,6645387543,2.53E+11,1866152,12192.69,22.5
109/07/10,7031694732,2.61E+11,1983065,12073.68,-119.01
109/07/13,6140389276,2.11E+11,1586140,12211.56,137.88
109/07/14,6197831696,2.05E+11,1561071,12209.01,-2.55
109/07/15,6756734156,2.40E+11,1778651,12202.85,-6.16
109/07/16,5770300669,2.00E+11,1466907,12157.74,-45.11
109/07/17,5938809215,2.00E+11,1595717,12181.56,23.82
109/07/20,5326683162,1.76E+11,1378130,12174.54,-7.02
109/07/21,6781208219,2.26E+11,1684747,12397.55,223.01
109/07/22,6475848930,2.26E+11,1619267,12473.27,75.72
109/07/23,6566842345,2.28E+11,1573096,12413.04,-60.23
109/07/24,7302839893,2.68E+11,1868849,12304.04,-109
109/07/27,6497324062,2.57E+11,1698001,12588.3,284.26
109/07/28,7749667366,3.49E+11,2066032,12586.73,-1.57
109/07/29,5900556154,2.21E+11,1504202,12540.97,-45.76
109/07/30,5882978873,2.16E+11,1489304,12722.92,181.95
109/07/31,5953761412,2.10E+11,1422266,12664.8,-58.12
109/08/03,5837095577,2.33E+11,1595177,12513.03,-151.77
109/08/04,6164234610,2.14E+11,1598481,12709.92,196.89
109/08/05,7039886482,2.41E+11,1816611,12802.3,92.38
109/08/06,7232775919,2.62E+11,1932220,12913.5,111.2
109/08/07,6458649872,2.40E+11,1790750,12828.87,-84.63
109/08/10,6577589394,2.16E+11,1723775,12894,65.13
109/08/11,6378786937,2.07E+11,1686671,12780.19,-113.81
109/08/12,6351198837,2.19E+11,1678697,12670.35,-109.84
109/08/13,6178740588,2.39E+11,1775624,12763.13,92.78
109/08/14,6385965281,2.15E+11,1740263,12795.46,32.33
109/08/17,7363417584,2.23E+11,1900000,12956.11,160.65
109/08/18,6843591620,2.50E+11,1864018,12872.14,-83.97
109/08/19,7199535793,2.56E+11,2119173,12778.64,-93.5
109/08/20,10808931236,3.52E+11,2845265,12362.64,-416
109/08/21,6617437494,2.26E+11,1825383,12607.84,245.2
109/08/24,5964445395,2.06E+11,1598651,12647.13,39.29
109/08/25,6638302690,2.00E+11,1679406,12758.25,111.12
109/08/26,5896934823,1.80E+11,1516873,12833.29,75.04
109/08/27,7593252259,2.19E+11,1771634,12797.31,-35.98
109/08/28,6774001709,2.10E+11,1668923,12728.85,-68.46
109/08/31,7567454336,2.52E+11,1732862,12591.45,-137.4
109/09/01,7167104775,2.31E+11,1764888,12703.28,111.83
109/09/02,6761533425,2.12E+11,1741144,12699.5,-3.78
109/09/03,8851967296,2.38E+11,2016901,12757.97,58.47
109/09/04,8831958331,2.34E+11,2060642,12637.95,-120.02
109/09/07,8517685710,2.28E+11,2076345,12601.4,-36.55
109/09/08,7166397704,2.06E+11,1773522,12663.56,62.16
109/09/09,7663239516,2.10E+11,1803997,12608.58,-54.98
109/09/10,7558292158,2.00E+11,1779291,12691.75,83.17
109/09/11,7457620960,1.92E+11,1805395,12675.95,-15.8
109/09/14,5970714461,1.80E+11,1500324,12787.82,111.87
109/09/15,6115853792,1.89E+11,1594597,12845.65,57.83
109/09/16,6346241822,2.11E+11,1590063,12976.76,131.11
109/09/17,5839451372,1.90E+11,1553743,12872.74,-104.02
109/09/18,6121502346,2.05E+11,1539522,12875.62,2.88
109/09/21,6119694551,1.75E+11,1541831,12795.12,-80.5
109/09/22,6036770813,1.74E+11,1561564,12645.51,-149.61
109/09/23,5513876861,1.76E+11,1524338,12583.88,-61.63
109/09/24,7819019250,2.46E+11,2200135,12264.38,-319.5
109/09/25,6649496910,2.12E+11,1784334,12232.91,-31.47
109/09/28,5029633502,1.56E+11,1249426,12462.76,229.85
109/09/29,5160203390,1.67E+11,1231654,12467.73,4.97
109/09/30,4306132547,1.39E+11,1044012,12515.61,47.88
109/10/05,4720361624,1.49E+11,1212457,12548.28,32.67
109/10/06,5185702547,1.66E+11,1356391,12704.23,155.95
109/10/07,4853747901,1.65E+11,1259405,12746.37,42.14
109/10/08,5770489410,2.11E+11,1504656,12887.19,140.82
109/10/12,6482289719,2.33E+11,1652795,12955.91,68.72
109/10/13,5812233822,1.91E+11,1463889,12947.13,-8.78
109/10/14,6116047364,2.01E+11,1583822,12919.31,-27.82
109/10/15,6066363707,1.82E+11,1590482,12827.82,-91.49
109/10/16,6189889025,1.87E+11,1600782,12750.37,-77.45
109/10/19,5370531537,1.65E+11,1394909,12908.34,157.97
109/10/20,4737368124,1.48E+11,1282424,12862.37,-45.97
109/10/21,5658937433,1.70E+11,1522971,12877.25,14.88
109/10/22,5778195825,1.75E+11,1433304,12917.03,39.78
109/10/23,5327338029,1.53E+11,1366312,12898.82,-18.21
109/10/26,6677343322,1.65E+11,1657539,12909.03,10.21
109/10/27,6050727539,1.71E+11,1538295,12875.01,-34.02
109/10/28,6285954215,1.78E+11,1733636,12793.75,-81.26
109/10/29,6761490690,1.89E+11,1689175,12662.91,-130.84
109/10/30,6541713056,2.00E+11,1668859,12546.34,-116.57
109/11/02,5294905110,1.66E+11,1386795,12591.31,44.97
109/11/03,5322961398,1.68E+11,1382926,12736.01,144.7
109/11/04,6578096439,1.94E+11,1543351,12867.9,131.89
109/11/05,5603467831,1.76E+11,1402391,12918.8,50.9
109/11/06,5767873286,1.85E+11,1455346,12973.53,54.73
109/11/09,6798077586,2.23E+11,1678202,13127.47,153.94
109/11/10,7757716313,2.52E+11,2038986,13081.72,-45.75
109/11/11,8185194783,2.43E+11,2112008,13262.19,180.47
109/11/12,6858089882,2.26E+11,1750856,13221.78,-40.41
109/11/13,5864501402,1.81E+11,1490133,13273.33,51.55
109/11/16,6776528689,2.37E+11,1801933,13551.83,278.5
109/11/17,6633573972,2.39E+11,1866529,13593.01,41.18
109/11/18,6591867244,2.35E+11,1792194,13773.29,180.28
109/11/19,6243552736,2.10E+11,1702339,13722.43,-50.86
109/11/20,5986755969,2.21E+11,1722729,13716.44,-5.99
109/11/23,7028271628,2.39E+11,1892861,13878.01,161.57
109/11/24,7633875021,2.67E+11,2187878,13807.13,-70.88
109/11/25,7757213545,2.69E+11,2176852,13738.83,-68.3
109/11/26,6910524222,2.21E+11,1931911,13845.66,106.83
109/11/27,7292147468,2.41E+11,2046229,13867.09,21.43
109/11/30,10553313386,4.10E+11,2449208,13722.89,-144.2
109/12/01,9170668511,2.61E+11,2272821,13885.67,162.78
109/12/02,8956941170,2.90E+11,2337052,13989.14,103.47
109/12/03,8380406333,2.71E+11,2343178,13977.09,-12.05
109/12/04,9326108954,2.91E+11,2448942,14132.44,155.35
109/12/07,10622974913,3.35E+11,2855401,14256.6,124.16
109/12/08,8745552873,2.83E+11,2438671,14360.4,103.8
109/12/09,8859421151,3.12E+11,2488160,14390.14,29.74
109/12/10,8817637556,3.08E+11,2569682,14249.49,-140.65
109/12/11,9039771037,3.24E+11,2560563,14261.69,12.2
109/12/14,7705137274,2.35E+11,1994731,14211.05,-50.64
109/12/15,8827642910,2.78E+11,2360342,14068.52,-142.53
109/12/16,7048147239,2.52E+11,1990822,14304.46,235.94
109/12/17,6227173787,2.30E+11,1762100,14258.93,-45.53
109/12/18,7440315671,2.49E+11,2011411,14249.96,-8.97
109/12/21,8527792568,2.59E+11,2241816,14384.96,135
109/12/22,10869811575,2.92E+11,2900099,14177.46,-207.5
109/12/23,7727365334,2.21E+11,2060448,14223.09,45.63
109/12/24,7461043901,2.24E+11,2054081,14280.28,57.19
109/12/25,7354213964,2.14E+11,2058078,14331.42,51.14
109/12/28,8522466666,2.52E+11,2357628,14483.07,151.65
109/12/29,9485864615,2.88E+11,2753819,14472.05,-11.02
109/12/30,8345169507,2.64E+11,2381186,14687.7,215.65
109/12/31,8098938384,2.61E+11,2235418,14732.53,44.83
