日期,開盤指數,最高指數,最低指數,收盤指數
105/01/04,"8,315.79","8,326.33","8,109.09","8,114.26"
105/01/05,"8,105.00","8,142.64","8,055.96","8,075.11"
105/01/06,"8,064.25","8,076.54","7,948.43","7,990.39"
105/01/07,"7,963.24","7,980.50","7,770.16","7,852.06"
105/01/08,"7,811.20","7,906.55","7,788.71","7,893.97"
105/01/11,"7,855.80","7,855.80","7,726.22","7,788.42"
105/01/12,"7,807.93","7,851.81","7,732.11","7,768.45"
105/01/13,"7,799.56","7,865.98","7,786.33","7,824.61"
105/01/14,"7,752.09","7,752.09","7,662.34","7,742.88"
105/01/15,"7,809.00","7,842.34","7,708.66","7,762.01"
105/01/18,"7,678.67","7,834.25","7,627.89","7,811.18"
105/01/19,"7,816.45","7,854.88","7,786.77","7,854.88"
105/01/20,"7,835.17","7,835.17","7,687.60","7,699.12"
105/01/21,"7,713.17","7,748.37","7,664.01","7,664.01"
105/01/22,"7,729.01","7,774.12","7,706.14","7,756.18"
105/01/25,"7,813.73","7,899.66","7,813.73","7,894.15"
105/01/26,"7,832.10","7,848.63","7,799.58","7,828.67"
105/01/27,"7,863.66","7,888.63","7,830.33","7,849.83"
105/01/28,"7,825.22","7,921.06","7,821.12","7,905.10"
105/01/29,"7,880.78","8,080.60","7,876.82","8,080.60"
105/01/30,"8,107.23","8,149.50","8,106.63","8,145.21"
105/02/01,"8,164.24","8,166.80","8,110.87","8,156.96"
105/02/02,"8,141.52","8,156.25","8,091.14","8,131.24"
105/02/03,"8,117.22","8,117.22","8,036.60","8,063.00"
105/02/15,"7,976.65","8,074.80","7,953.99","8,066.51"
105/02/16,"8,090.91","8,227.19","8,090.91","8,212.07"
105/02/17,"8,240.73","8,253.80","8,196.13","8,214.25"
105/02/18,"8,261.74","8,337.97","8,261.74","8,314.67"
105/02/19,"8,291.83","8,325.04","8,280.39","8,325.04"
105/02/22,"8,315.79","8,396.62","8,296.18","8,326.68"
105/02/23,"8,333.59","8,361.79","8,311.94","8,334.64"
105/02/24,"8,332.66","8,382.25","8,264.39","8,282.86"
105/02/25,"8,304.18","8,388.63","8,304.18","8,365.86"
105/02/26,"8,380.53","8,432.74","8,347.80","8,411.16"
105/03/01,"8,381.38","8,489.01","8,378.06","8,485.69"
105/03/02,"8,544.66","8,586.25","8,540.17","8,544.05"
105/03/03,"8,569.05","8,630.77","8,561.74","8,611.79"
105/03/04,"8,611.37","8,648.94","8,584.06","8,643.55"
105/03/07,"8,656.74","8,727.88","8,632.21","8,659.55"
105/03/08,"8,655.86","8,668.51","8,575.70","8,664.31"
105/03/09,"8,649.10","8,657.17","8,588.41","8,634.11"
105/03/10,"8,633.66","8,680.43","8,614.97","8,660.70"
105/03/11,"8,663.29","8,707.97","8,640.96","8,706.14"
105/03/14,"8,746.48","8,777.05","8,739.57","8,747.90"
105/03/15,"8,745.57","8,759.94","8,589.41","8,611.18"
105/03/16,"8,637.63","8,699.14","8,637.63","8,699.14"
105/03/17,"8,763.51","8,826.84","8,716.88","8,734.54"
105/03/18,"8,747.05","8,810.71","8,747.05","8,810.71"
105/03/21,"8,826.16","8,840.75","8,747.59","8,812.70"
105/03/22,"8,806.02","8,814.37","8,713.24","8,785.68"
105/03/23,"8,777.88","8,814.50","8,734.55","8,766.09"
105/03/24,"8,745.42","8,765.96","8,676.87","8,743.38"
105/03/25,"8,758.14","8,765.62","8,699.89","8,704.97"
105/03/28,"8,713.72","8,737.86","8,676.03","8,690.45"
105/03/29,"8,687.06","8,711.11","8,585.71","8,617.35"
105/03/30,"8,624.93","8,744.47","8,624.93","8,737.04"
105/04/01,"8,700.38","8,704.53","8,628.94","8,657.55"
105/04/06,"8,605.16","8,605.16","8,496.89","8,513.30"
105/04/07,"8,523.25","8,529.44","8,436.54","8,490.25"
105/04/08,"8,464.78","8,546.31","8,452.05","8,541.50"
105/04/11,"8,518.96","8,568.44","8,476.57","8,562.59"
105/04/12,"8,561.21","8,613.56","8,520.14","8,531.18"
105/04/13,"8,562.79","8,653.08","8,561.90","8,652.08"
105/04/14,"8,684.93","8,719.15","8,653.84","8,667.71"
105/04/15,"8,634.23","8,700.39","8,613.25","8,700.39"
105/04/18,"8,681.80","8,686.98","8,650.13","8,666.01"
105/04/19,"8,701.75","8,743.35","8,627.29","8,633.72"
105/04/20,"8,649.09","8,695.22","8,502.55","8,514.48"
105/04/21,"8,549.14","8,568.65","8,508.92","8,568.65"
105/04/22,"8,560.21","8,580.33","8,501.03","8,535.75"
105/04/25,"8,541.14","8,560.28","8,513.73","8,560.28"
105/04/26,"8,556.37","8,622.42","8,554.55","8,581.57"
105/04/27,"8,561.37","8,597.64","8,537.03","8,563.05"
105/04/28,"8,586.92","8,595.99","8,456.38","8,473.87"
105/04/29,"8,424.04","8,424.04","8,352.23","8,377.90"
105/05/03,"8,362.35","8,363.59","8,268.41","8,294.12"
105/05/04,"8,282.52","8,285.96","8,153.57","8,185.47"
105/05/05,"8,182.05","8,207.98","8,122.34","8,167.96"
105/05/06,"8,169.54","8,170.68","8,104.16","8,146.43"
105/05/09,"8,156.65","8,177.36","8,106.13","8,131.83"
105/05/10,"8,119.71","8,168.13","8,075.58","8,156.29"
105/05/11,"8,182.92","8,204.51","8,115.44","8,135.56"
105/05/12,"8,122.78","8,162.44","8,105.49","8,108.05"
105/05/13,"8,095.93","8,095.93","7,999.98","8,053.69"
105/05/16,"8,035.21","8,091.48","8,003.93","8,067.60"
105/05/17,"8,081.89","8,151.20","8,047.31","8,140.48"
105/05/18,"8,115.61","8,159.68","8,061.26","8,159.68"
105/05/19,"8,159.93","8,166.96","8,067.33","8,095.98"
105/05/20,"8,108.68","8,165.98","8,080.65","8,131.26"
105/05/23,"8,150.38","8,356.96","8,119.71","8,344.44"
105/05/24,"8,329.69","8,354.62","8,298.00","8,300.66"
105/05/25,"8,352.84","8,417.27","8,352.84","8,396.20"
105/05/26,"8,400.89","8,410.74","8,376.60","8,394.12"
105/05/27,"8,415.59","8,463.61","8,415.59","8,463.61"
105/05/30,"8,476.62","8,563.40","8,462.15","8,535.87"
105/05/31,"8,532.21","8,545.73","8,488.90","8,535.59"
105/06/01,"8,516.08","8,603.63","8,514.12","8,597.16"
105/06/02,"8,598.47","8,635.03","8,553.54","8,556.02"
105/06/03,"8,565.18","8,601.05","8,559.77","8,587.36"
105/06/04,"8,582.60","8,594.35","8,570.69","8,591.57"
105/06/06,"8,605.15","8,664.12","8,557.68","8,597.11"
105/06/07,"8,622.21","8,692.73","8,621.46","8,679.90"
105/06/08,"8,704.66","8,754.82","8,690.59","8,715.48"
105/06/13,"8,634.24","8,634.24","8,520.21","8,536.22"
105/06/14,"8,513.51","8,577.31","8,503.42","8,576.12"
105/06/15,"8,566.43","8,608.29","8,524.55","8,606.37"
105/06/16,"8,583.19","8,584.67","8,476.84","8,494.14"
105/06/17,"8,538.28","8,607.16","8,538.28","8,568.08"
105/06/20,"8,612.26","8,642.15","8,604.81","8,625.92"
105/06/21,"8,633.21","8,684.85","8,627.40","8,684.85"
105/06/22,"8,675.12","8,716.25","8,653.04","8,716.25"
105/06/23,"8,706.08","8,711.21","8,662.78","8,676.68"
105/06/24,"8,684.53","8,691.30","8,374.26","8,476.99"
105/06/27,"8,406.29","8,468.66","8,386.27","8,458.87"
105/06/28,"8,438.76","8,505.51","8,396.01","8,505.51"
105/06/29,"8,530.37","8,609.23","8,530.37","8,586.56"
105/06/30,"8,615.46","8,666.58","8,583.77","8,666.58"
105/07/01,"8,692.48","8,755.62","8,680.53","8,738.24"
105/07/04,"8,728.32","8,782.38","8,712.12","8,760.58"
105/07/05,"8,738.41","8,747.06","8,693.76","8,716.07"
105/07/06,"8,673.53","8,673.53","8,569.15","8,575.75"
105/07/07,"8,605.38","8,653.70","8,605.38","8,640.91"
105/07/11,"8,728.23","8,795.80","8,728.23","8,786.47"
105/07/12,"8,794.73","8,841.46","8,794.30","8,841.46"
105/07/13,"8,847.04","8,865.42","8,800.17","8,857.75"
105/07/14,"8,837.76","8,877.31","8,818.26","8,866.36"
105/07/15,"8,857.15","8,949.85","8,857.15","8,949.85"
105/07/18,"8,952.61","9,008.21","8,952.61","9,008.21"
105/07/19,"9,018.80","9,034.87","8,972.83","9,034.87"
105/07/20,"9,013.52","9,034.13","8,969.19","9,007.68"
105/07/21,"9,010.22","9,075.89","9,009.79","9,056.56"
105/07/22,"9,055.17","9,060.15","9,004.24","9,013.14"
105/07/25,"9,030.36","9,085.91","8,916.05","8,991.67"
105/07/26,"8,983.55","9,024.79","8,960.48","9,024.79"
105/07/27,"9,058.19","9,084.90","9,042.14","9,063.39"
105/07/28,"9,060.48","9,081.40","9,015.35","9,076.64"
105/07/29,"9,066.37","9,071.51","8,984.41","8,984.41"
105/08/01,"9,008.74","9,080.71","9,008.74","9,080.71"
105/08/02,"9,081.06","9,086.42","9,052.71","9,068.76"
105/08/03,"9,000.82","9,033.95","8,948.40","9,001.71"
105/08/04,"9,009.29","9,035.25","8,972.31","9,024.71"
105/08/05,"9,025.76","9,101.71","9,023.23","9,092.12"
105/08/08,"9,123.07","9,153.99","9,104.43","9,150.26"
105/08/09,"9,154.00","9,168.34","9,127.63","9,155.08"
105/08/10,"9,160.94","9,200.42","9,131.63","9,200.42"
105/08/11,"9,168.70","9,187.18","9,063.81","9,131.83"
105/08/12,"9,135.34","9,173.72","9,135.34","9,150.39"
105/08/15,"9,152.36","9,162.02","9,117.26","9,148.51"
105/08/16,"9,146.09","9,165.58","9,082.34","9,110.36"
105/08/17,"9,121.18","9,133.07","9,073.27","9,117.70"
105/08/18,"9,104.88","9,128.80","9,093.51","9,122.50"
105/08/19,"9,139.69","9,175.13","9,034.27","9,034.27"
105/08/22,"9,004.68","9,012.72","8,928.33","8,981.81"
105/08/23,"8,987.07","9,046.30","8,986.76","9,030.93"
105/08/24,"9,043.13","9,054.76","9,016.39","9,017.38"
105/08/25,"9,034.47","9,115.47","9,031.34","9,115.47"
105/08/26,"9,097.02","9,131.72","9,092.08","9,131.72"
105/08/29,"9,117.53","9,136.42","9,027.35","9,110.17"
105/08/30,"9,113.34","9,134.37","9,093.87","9,110.56"
105/08/31,"9,122.19","9,130.76","9,044.50","9,068.85"
105/09/01,"9,055.73","9,069.13","8,980.21","9,001.15"
105/09/02,"9,015.63","9,038.48","8,958.81","8,987.55"
105/09/05,"9,032.38","9,100.05","9,032.38","9,090.13"
105/09/06,"9,102.83","9,181.85","9,098.60","9,181.85"
105/09/07,"9,202.23","9,278.88","9,202.23","9,259.07"
105/09/08,"9,241.95","9,273.57","9,224.89","9,262.89"
105/09/09,"9,217.37","9,217.37","9,142.13","9,164.88"
105/09/10,"9,084.81","9,084.81","9,025.53","9,053.69"
105/09/12,"9,031.51","9,031.51","8,947.06","8,947.06"
105/09/13,"8,983.95","9,014.75","8,885.55","8,940.83"
105/09/14,"8,913.11","8,965.32","8,895.85","8,902.30"
105/09/19,"9,003.41","9,155.38","9,003.41","9,152.88"
105/09/20,"9,141.21","9,173.46","9,130.90","9,161.58"
105/09/21,"9,141.92","9,228.50","9,133.16","9,228.50"
105/09/22,"9,265.28","9,290.76","9,207.41","9,235.26"
105/09/23,"9,240.25","9,284.62","9,228.66","9,284.62"
105/09/26,"9,229.34","9,229.34","9,189.49","9,194.52"
105/09/29,"9,241.61","9,303.13","9,238.49","9,270.90"
105/09/30,"9,240.44","9,240.65","9,160.91","9,166.85"
105/10/03,"9,219.52","9,256.58","9,212.38","9,234.20"
105/10/04,"9,228.66","9,287.77","9,224.45","9,287.77"
105/10/05,"9,260.69","9,276.13","9,244.41","9,272.28"
105/10/06,"9,263.40","9,284.31","9,242.83","9,284.31"
105/10/07,"9,289.66","9,289.95","9,249.06","9,265.81"
105/10/11,"9,311.79","9,327.71","9,167.72","9,219.82"
105/10/12,"9,201.55","9,258.69","9,166.58","9,252.60"
105/10/13,"9,268.22","9,285.05","9,187.78","9,219.17"
105/10/14,"9,198.26","9,216.63","9,149.87","9,165.17"
105/10/17,"9,150.67","9,182.67","9,074.99","9,176.22"
105/10/18,"9,175.07","9,222.58","9,157.40","9,222.58"
105/10/19,"9,227.98","9,298.87","9,226.46","9,283.99"
105/10/20,"9,288.49","9,331.89","9,279.15","9,317.24"
105/10/21,"9,322.55","9,348.09","9,292.53","9,306.57"
105/10/24,"9,333.94","9,343.57","9,308.53","9,322.50"
105/10/25,"9,338.09","9,399.97","9,334.80","9,385.65"
105/10/26,"9,355.66","9,372.74","9,338.84","9,362.25"
105/10/27,"9,363.90","9,370.32","9,286.86","9,299.55"
105/10/28,"9,307.39","9,320.57","9,276.71","9,306.92"
105/10/31,"9,283.20","9,314.34","9,194.48","9,290.12"
105/11/01,"9,272.30","9,289.12","9,236.82","9,272.70"
105/11/02,"9,230.23","9,230.23","9,139.04","9,139.04"
105/11/03,"9,126.29","9,154.19","9,067.27","9,067.27"
105/11/04,"9,065.11","9,098.88","9,048.21","9,068.15"
105/11/07,"9,102.97","9,191.67","9,102.97","9,189.84"
105/11/08,"9,214.95","9,230.20","9,165.00","9,217.43"
105/11/09,"9,252.27","9,296.86","8,926.60","8,943.20"
105/11/10,"9,070.64","9,179.18","9,070.64","9,152.18"
105/11/11,"9,067.65","9,067.65","8,949.38","8,957.76"
105/11/14,"8,955.27","8,991.94","8,879.69","8,940.40"
105/11/15,"8,927.92","8,981.05","8,923.36","8,931.03"
105/11/16,"8,955.76","9,032.31","8,955.76","8,962.22"
105/11/17,"8,984.57","8,998.23","8,936.30","8,995.26"
105/11/18,"8,991.50","9,025.98","8,958.22","9,008.79"
105/11/21,"9,009.78","9,049.76","8,986.40","9,041.11"
105/11/22,"9,058.58","9,161.19","9,058.58","9,133.39"
105/11/23,"9,146.72","9,202.72","9,146.72","9,178.23"
105/11/24,"9,164.84","9,183.16","9,137.56","9,152.11"
105/11/25,"9,149.35","9,191.34","9,148.63","9,159.07"
105/11/28,"9,167.33","9,241.54","9,167.33","9,222.24"
105/11/29,"9,220.95","9,249.06","9,192.38","9,192.38"
105/11/30,"9,196.09","9,240.71","9,189.62","9,240.71"
105/12/01,"9,245.55","9,278.96","9,241.78","9,263.53"
105/12/02,"9,214.56","9,214.56","9,165.90","9,189.49"
105/12/05,"9,194.46","9,212.19","9,138.64","9,160.66"
105/12/06,"9,209.80","9,280.65","9,209.80","9,250.77"
105/12/07,"9,279.00","9,299.92","9,247.50","9,263.89"
105/12/08,"9,308.90","9,376.41","9,308.90","9,375.86"
105/12/09,"9,383.07","9,399.25","9,366.86","9,392.68"
105/12/12,"9,402.05","9,430.34","9,336.45","9,349.94"
105/12/13,"9,361.97","9,382.14","9,342.56","9,382.14"
105/12/14,"9,395.60","9,413.13","9,353.25","9,368.52"
105/12/15,"9,337.21","9,370.51","9,309.79","9,360.35"
105/12/16,"9,352.27","9,379.75","9,326.78","9,326.78"
105/12/19,"9,316.06","9,317.03","9,237.98","9,239.32"
105/12/20,"9,229.74","9,258.69","9,199.84","9,242.41"
105/12/21,"9,234.94","9,263.50","9,204.26","9,204.26"
105/12/22,"9,204.29","9,209.72","9,118.75","9,118.75"
105/12/23,"9,112.33","9,128.83","9,078.64","9,078.64"
105/12/26,"9,088.99","9,127.74","9,083.28","9,110.54"
105/12/27,"9,120.88","9,132.05","9,100.83","9,109.27"
105/12/28,"9,120.90","9,203.56","9,120.90","9,201.40"
105/12/29,"9,172.39","9,196.02","9,149.16","9,153.09"
105/12/30,"9,186.30","9,259.09","9,186.30","9,253.50"
106/01/03,"9,252.56","9,273.65","9,235.95","9,272.88"
106/01/04,"9,279.52","9,299.62","9,266.03","9,286.96"
106/01/05,"9,282.56","9,358.42","9,282.45","9,358.14"
106/01/06,"9,371.41","9,381.11","9,351.25","9,372.22"
106/01/09,"9,376.48","9,404.90","9,328.19","9,342.42"
106/01/10,"9,344.19","9,353.60","9,319.45","9,349.64"
106/01/11,"9,370.17","9,384.00","9,333.49","9,345.74"
106/01/12,"9,356.12","9,430.58","9,356.12","9,410.18"
106/01/13,"9,373.70","9,387.68","9,352.08","9,378.83"
106/01/16,"9,356.54","9,359.01","9,281.21","9,292.33"
106/01/17,"9,301.96","9,354.53","9,294.68","9,354.53"
106/01/18,"9,344.74","9,350.95","9,322.44","9,341.97"
106/01/19,"9,324.83","9,337.64","9,287.54","9,318.12"
106/01/20,"9,326.80","9,350.07","9,317.62","9,331.46"
106/01/23,"9,363.66","9,427.46","9,363.66","9,424.05"
106/01/24,"9,423.05","9,468.34","9,416.06","9,447.95"
106/02/02,"9,502.25","9,521.34","9,413.77","9,428.97"
106/02/03,"9,450.06","9,478.01","9,423.93","9,455.56"
106/02/06,"9,467.67","9,548.68","9,467.67","9,538.01"
106/02/07,"9,527.42","9,555.80","9,512.56","9,554.56"
106/02/08,"9,540.77","9,564.07","9,505.79","9,543.25"
106/02/09,"9,555.52","9,600.09","9,540.51","9,590.18"
106/02/10,"9,612.67","9,688.15","9,612.67","9,665.59"
106/02/13,"9,690.39","9,711.43","9,681.10","9,710.32"
106/02/14,"9,726.74","9,760.01","9,698.29","9,718.78"
106/02/15,"9,724.13","9,813.98","9,723.04","9,799.76"
106/02/16,"9,826.89","9,869.59","9,753.16","9,771.25"
106/02/17,"9,779.16","9,791.59","9,754.54","9,759.76"
106/02/18,"9,771.21","9,791.35","9,770.75","9,779.92"
106/02/20,"9,795.81","9,817.14","9,743.36","9,753.20"
106/02/21,"9,761.27","9,775.49","9,721.36","9,763.93"
106/02/22,"9,786.25","9,820.07","9,770.10","9,778.78"
106/02/23,"9,774.08","9,810.56","9,748.94","9,769.31"
106/02/24,"9,757.67","9,784.39","9,740.18","9,750.47"
106/03/01,"9,751.12","9,758.78","9,674.78","9,674.78"
106/03/02,"9,727.60","9,774.60","9,646.34","9,691.80"
106/03/03,"9,672.26","9,679.82","9,633.88","9,648.21"
106/03/06,"9,647.00","9,688.50","9,647.00","9,682.63"
106/03/07,"9,690.26","9,738.07","9,690.20","9,738.07"
106/03/08,"9,744.26","9,773.49","9,712.50","9,753.45"
106/03/09,"9,740.05","9,743.78","9,650.32","9,658.61"
106/03/10,"9,653.79","9,656.65","9,562.75","9,627.89"
106/03/13,"9,656.56","9,697.34","9,656.56","9,697.34"
106/03/14,"9,720.53","9,767.66","9,720.53","9,744.21"
106/03/15,"9,741.29","9,749.01","9,714.58","9,740.31"
106/03/16,"9,768.85","9,842.17","9,768.85","9,837.83"
106/03/17,"9,845.59","9,908.69","9,835.51","9,908.69"
106/03/20,"9,905.81","9,916.18","9,869.35","9,912.97"
106/03/21,"9,923.18","9,976.61","9,918.39","9,972.49"
106/03/22,"9,911.96","9,922.66","9,843.07","9,922.66"
106/03/23,"9,921.97","9,945.24","9,897.45","9,930.74"
106/03/24,"9,914.12","9,932.68","9,892.31","9,902.98"
106/03/27,"9,907.60","9,917.85","9,859.53","9,876.77"
106/03/28,"9,909.99","9,924.14","9,799.28","9,876.45"
106/03/29,"9,887.00","9,906.76","9,831.63","9,856.25"
106/03/30,"9,869.28","9,878.62","9,836.33","9,848.15"
106/03/31,"9,846.38","9,869.65","9,811.52","9,811.52"
106/04/05,"9,856.44","9,949.48","9,856.44","9,949.48"
106/04/06,"9,946.66","9,946.66","9,879.85","9,897.80"
106/04/07,"9,892.98","9,900.88","9,788.52","9,873.37"
106/04/10,"9,880.29","9,898.64","9,859.03","9,882.54"
106/04/11,"9,881.53","9,896.59","9,820.41","9,832.42"
106/04/12,"9,831.56","9,837.19","9,789.59","9,817.68"
106/04/13,"9,808.83","9,868.45","9,800.80","9,836.68"
106/04/14,"9,806.15","9,808.33","9,730.94","9,732.93"
106/04/17,"9,740.81","9,762.47","9,670.11","9,716.40"
106/04/18,"9,735.76","9,771.07","9,727.26","9,746.56"
106/04/19,"9,725.39","9,725.39","9,631.64","9,639.94"
106/04/20,"9,639.93","9,664.24","9,622.25","9,632.69"
106/04/21,"9,657.05","9,718.82","9,657.05","9,717.41"
106/04/24,"9,742.91","9,772.96","9,683.70","9,717.95"
106/04/25,"9,737.82","9,841.71","9,737.82","9,841.71"
106/04/26,"9,859.11","9,865.88","9,827.47","9,856.45"
106/04/27,"9,859.45","9,863.52","9,823.85","9,860.62"
106/04/28,"9,868.38","9,897.04","9,845.84","9,872.00"
106/05/02,"9,926.44","9,951.14","9,925.75","9,941.27"
106/05/03,"9,957.62","9,979.91","9,937.99","9,955.33"
106/05/04,"9,962.73","9,973.76","9,938.96","9,967.64"
106/05/05,"9,954.94","9,960.99","9,899.94","9,899.94"
106/05/08,"9,934.13","9,964.86","9,900.07","9,937.25"
106/05/09,"9,967.01","10,001.94","9,899.08","9,915.48"
106/05/10,"9,935.22","9,971.98","9,932.17","9,968.32"
106/05/11,"9,968.51","10,018.79","9,964.30","10,001.48"
106/05/12,"9,981.77","10,008.25","9,961.37","9,986.82"
106/05/15,"9,978.28","10,036.82","9,978.28","10,036.82"
106/05/16,"10,037.58","10,058.59","9,991.08","10,031.49"
106/05/17,"10,019.62","10,029.62","9,967.97","10,013.67"
106/05/18,"9,952.64","9,969.45","9,895.65","9,969.45"
106/05/19,"9,970.40","9,979.73","9,947.14","9,947.62"
106/05/22,"9,965.08","9,997.26","9,960.94","9,997.26"
106/05/23,"9,994.68","10,038.20","9,992.58","10,007.84"
106/05/24,"10,014.15","10,059.74","10,014.15","10,044.42"
106/05/25,"10,059.91","10,108.49","10,059.20","10,108.49"
106/05/26,"10,090.18","10,121.88","10,072.84","10,101.95"
106/05/31,"10,095.95","10,116.13","10,025.88","10,040.72"
106/06/01,"10,064.44","10,100.37","10,059.93","10,087.42"
106/06/02,"10,117.76","10,152.53","10,117.06","10,152.53"
106/06/03,"10,155.56","10,164.98","10,140.28","10,158.15"
106/06/05,"10,164.89","10,226.84","10,164.89","10,226.84"
106/06/06,"10,213.17","10,221.64","10,190.39","10,206.18"
106/06/07,"10,216.14","10,242.39","10,183.15","10,209.99"
106/06/08,"10,215.93","10,235.70","10,211.00","10,225.78"
106/06/09,"10,238.55","10,268.37","10,198.80","10,199.65"
106/06/12,"10,137.04","10,158.64","10,109.96","10,109.96"
106/06/13,"10,109.70","10,146.67","10,109.70","10,128.15"
106/06/14,"10,142.80","10,165.31","10,033.25","10,072.46"
106/06/15,"10,079.14","10,089.07","10,046.80","10,088.35"
106/06/16,"10,078.69","10,159.47","10,073.12","10,156.73"
106/06/19,"10,162.22","10,250.60","10,162.22","10,250.60"
106/06/20,"10,286.79","10,354.37","10,286.79","10,324.46"
106/06/21,"10,310.97","10,379.82","10,274.75","10,349.72"
106/06/22,"10,369.08","10,403.36","10,368.93","10,399.06"
106/06/23,"10,403.56","10,422.33","10,374.01","10,377.70"
106/06/26,"10,341.86","10,513.96","10,341.86","10,513.96"
106/06/27,"10,513.00","10,545.70","10,489.10","10,512.06"
106/06/28,"10,459.17","10,459.17","10,382.81","10,390.55"
106/06/29,"10,442.18","10,476.51","10,390.90","10,421.65"
106/06/30,"10,367.26","10,395.07","10,329.84","10,395.07"
106/07/03,"10,368.99","10,412.79","10,363.50","10,412.79"
106/07/04,"10,397.93","10,421.72","10,347.78","10,347.78"
106/07/05,"10,352.39","10,404.79","10,304.74","10,404.79"
106/07/06,"10,380.66","10,381.20","10,336.32","10,368.20"
106/07/07,"10,343.30","10,343.30","10,294.69","10,297.25"
106/07/10,"10,310.74","10,331.11","10,283.95","10,289.91"
106/07/11,"10,313.08","10,415.57","10,313.08","10,415.57"
106/07/12,"10,396.97","10,450.87","10,393.54","10,420.68"
106/07/13,"10,418.74","10,485.28","10,418.74","10,460.15"
106/07/14,"10,450.92","10,466.34","10,423.40","10,443.91"
106/07/17,"10,467.27","10,490.05","10,436.31","10,457.54"
106/07/18,"10,447.47","10,481.26","10,429.85","10,481.26"
106/07/19,"10,472.81","10,537.42","10,472.81","10,506.10"
106/07/20,"10,513.12","10,534.52","10,483.54","10,499.36"
106/07/21,"10,468.47","10,477.72","10,428.56","10,436.70"
106/07/24,"10,426.13","10,461.28","10,406.81","10,461.28"
106/07/25,"10,455.14","10,473.98","10,442.85","10,463.15"
106/07/26,"10,477.15","10,500.11","10,416.57","10,419.11"
106/07/27,"10,427.83","10,516.23","10,427.83","10,508.37"
106/07/28,"10,480.67","10,480.67","10,410.53","10,423.05"
106/07/31,"10,396.76","10,427.33","10,366.17","10,427.33"
106/08/01,"10,408.53","10,470.03","10,408.53","10,437.29"
106/08/02,"10,479.26","10,519.27","10,479.26","10,519.27"
106/08/03,"10,464.10","10,478.62","10,427.72","10,469.88"
106/08/04,"10,470.96","10,510.70","10,466.25","10,506.56"
106/08/07,"10,521.69","10,592.31","10,521.69","10,579.38"
106/08/08,"10,598.59","10,619.42","10,533.72","10,568.97"
106/08/09,"10,523.51","10,536.19","10,457.52","10,470.38"
106/08/10,"10,470.03","10,477.79","10,303.47","10,329.74"
106/08/11,"10,267.05","10,338.06","10,238.50","10,329.57"
106/08/14,"10,347.66","10,365.22","10,225.28","10,225.28"
106/08/15,"10,271.03","10,336.22","10,271.03","10,311.16"
106/08/16,"10,302.83","10,322.38","10,245.72","10,290.39"
106/08/17,"10,302.54","10,372.41","10,302.54","10,369.37"
106/08/18,"10,324.83","10,330.39","10,259.83","10,321.33"
106/08/21,"10,316.09","10,336.37","10,282.72","10,326.39"
106/08/22,"10,353.37","10,410.47","10,353.37","10,392.07"
106/08/23,"10,418.32","10,458.91","10,378.01","10,406.81"
106/08/24,"10,414.66","10,488.96","10,410.73","10,488.96"
106/08/25,"10,497.86","10,519.84","10,478.72","10,515.51"
106/08/28,"10,502.80","10,542.37","10,498.88","10,525.98"
106/08/29,"10,518.69","10,518.69","10,463.22","10,496.57"
106/08/30,"10,511.59","10,574.53","10,511.59","10,569.40"
106/08/31,"10,586.65","10,609.48","10,551.95","10,585.78"
106/09/01,"10,576.27","10,619.52","10,568.72","10,594.82"
106/09/04,"10,585.44","10,610.04","10,555.34","10,569.87"
106/09/05,"10,584.10","10,617.84","10,564.26","10,617.84"
106/09/06,"10,593.87","10,604.92","10,519.71","10,547.86"
106/09/07,"10,564.79","10,604.02","10,509.91","10,538.51"
106/09/08,"10,553.90","10,609.95","10,550.72","10,609.95"
106/09/11,"10,630.16","10,656.25","10,565.78","10,572.16"
106/09/12,"10,610.33","10,646.55","10,586.28","10,610.35"
106/09/13,"10,596.36","10,620.31","10,532.88","10,532.88"
106/09/14,"10,533.99","10,572.71","10,508.72","10,553.57"
106/09/15,"10,556.82","10,580.78","10,520.15","10,580.41"
106/09/18,"10,590.80","10,642.40","10,581.81","10,631.57"
106/09/19,"10,653.34","10,664.18","10,561.21","10,576.14"
106/09/20,"10,568.58","10,589.19","10,490.71","10,519.17"
106/09/21,"10,506.85","10,603.08","10,493.95","10,578.44"
106/09/22,"10,571.65","10,579.02","10,446.45","10,449.68"
106/09/25,"10,442.05","10,447.09","10,322.10","10,335.89"
106/09/26,"10,333.44","10,374.54","10,257.02","10,257.02"
106/09/27,"10,322.44","10,357.23","10,315.97","10,326.68"
106/09/28,"10,351.42","10,365.59","10,288.24","10,296.45"
106/09/29,"10,319.69","10,338.95","10,273.60","10,329.94"
106/09/30,"10,362.55","10,400.40","10,362.55","10,383.94"
106/10/02,"10,425.10","10,472.81","10,414.53","10,465.16"
106/10/03,"10,462.70","10,495.34","10,445.86","10,469.35"
106/10/05,"10,473.28","10,530.93","10,473.28","10,518.27"
106/10/06,"10,538.21","10,557.67","10,511.50","10,532.81"
106/10/11,"10,576.12","10,668.49","10,576.12","10,641.19"
106/10/12,"10,668.39","10,711.44","10,668.39","10,711.44"
106/10/13,"10,712.48","10,724.09","10,675.83","10,724.09"
106/10/16,"10,735.14","10,774.21","10,723.37","10,774.21"
106/10/17,"10,790.35","10,798.52","10,723.15","10,723.15"
106/10/18,"10,773.85","10,790.31","10,684.32","10,720.28"
106/10/19,"10,745.77","10,798.54","10,745.77","10,760.29"
106/10/20,"10,737.87","10,753.77","10,702.56","10,728.88"
106/10/23,"10,759.47","10,792.27","10,731.90","10,735.21"
106/10/24,"10,749.90","10,766.64","10,726.25","10,743.78"
106/10/25,"10,771.40","10,794.55","10,740.07","10,750.57"
106/10/26,"10,735.35","10,756.51","10,716.52","10,734.76"
106/10/27,"10,757.35","10,803.60","10,701.08","10,709.11"
106/10/30,"10,777.60","10,842.25","10,743.13","10,756.87"
106/10/31,"10,768.90","10,829.33","10,747.37","10,793.80"
106/11/01,"10,816.04","10,843.41","10,785.32","10,806.36"
106/11/02,"10,797.63","10,827.67","10,788.51","10,788.51"
106/11/03,"10,797.91","10,835.70","10,765.31","10,800.77"
106/11/06,"10,856.56","10,858.50","10,769.19","10,786.19"
106/11/07,"10,820.83","10,842.61","10,807.89","10,840.34"
106/11/08,"10,839.44","10,844.74","10,806.01","10,818.99"
106/11/09,"10,802.95","10,831.38","10,721.87","10,743.27"
106/11/10,"10,713.67","10,742.61","10,659.29","10,732.67"
106/11/13,"10,728.22","10,749.39","10,683.92","10,683.92"
106/11/14,"10,716.59","10,735.08","10,654.58","10,687.18"
106/11/15,"10,662.08","10,669.59","10,600.26","10,630.65"
106/11/16,"10,629.16","10,666.66","10,609.23","10,625.04"
106/11/17,"10,673.43","10,729.45","10,673.43","10,701.64"
106/11/20,"10,706.79","10,728.39","10,656.18","10,664.55"
106/11/21,"10,688.22","10,787.58","10,687.26","10,779.24"
106/11/22,"10,815.40","10,882.65","10,801.10","10,822.59"
106/11/23,"10,837.61","10,872.29","10,809.09","10,854.57"
106/11/24,"10,847.79","10,873.91","10,833.78","10,854.09"
106/11/27,"10,836.82","10,856.00","10,746.74","10,750.93"
106/11/28,"10,733.56","10,752.58","10,692.53","10,707.07"
106/11/29,"10,735.24","10,762.91","10,697.62","10,713.55"
106/11/30,"10,623.20","10,650.18","10,560.44","10,560.44"
106/12/01,"10,591.62","10,665.92","10,495.15","10,600.37"
106/12/04,"10,617.27","10,665.43","10,565.68","10,651.11"
106/12/05,"10,607.62","10,635.71","10,540.74","10,566.85"
106/12/06,"10,541.03","10,541.03","10,376.65","10,393.92"
106/12/07,"10,404.42","10,418.97","10,322.76","10,355.76"
106/12/08,"10,406.35","10,419.28","10,336.26","10,398.62"
106/12/11,"10,438.33","10,504.67","10,438.33","10,473.09"
106/12/12,"10,488.73","10,495.24","10,408.06","10,443.28"
106/12/13,"10,447.11","10,489.17","10,444.70","10,470.70"
106/12/14,"10,494.60","10,577.53","10,494.60","10,538.01"
106/12/15,"10,517.21","10,520.66","10,436.11","10,491.44"
106/12/18,"10,478.74","10,526.41","10,472.39","10,506.52"
106/12/19,"10,508.33","10,544.00","10,452.08","10,467.34"
106/12/20,"10,470.36","10,514.31","10,470.36","10,504.52"
106/12/21,"10,526.97","10,545.78","10,488.97","10,488.97"
106/12/22,"10,503.10","10,537.27","10,486.52","10,537.27"
106/12/25,"10,546.64","10,556.65","10,514.54","10,522.49"
106/12/26,"10,526.14","10,528.92","10,408.12","10,421.91"
106/12/27,"10,419.81","10,497.77","10,419.81","10,486.67"
106/12/28,"10,513.29","10,592.04","10,513.29","10,567.64"
106/12/29,"10,590.95","10,659.98","10,590.95","10,642.86"
107/01/02,"10,664.82","10,710.73","10,650.77","10,710.73"
107/01/03,"10,759.61","10,813.16","10,759.61","10,801.57"
107/01/04,"10,834.58","10,853.46","10,794.25","10,848.63"
107/01/05,"10,856.92","10,879.80","10,815.68","10,879.80"
107/01/08,"10,899.09","10,918.47","10,869.12","10,915.75"
107/01/09,"10,922.35","10,931.00","10,860.77","10,914.89"
107/01/10,"10,915.32","10,934.75","10,819.25","10,831.09"
107/01/11,"10,824.54","10,844.08","10,770.10","10,810.06"
107/01/12,"10,818.24","10,899.98","10,818.24","10,883.96"
107/01/15,"10,932.37","10,962.55","10,911.89","10,956.31"
107/01/16,"10,955.81","10,986.11","10,920.50","10,986.11"
107/01/17,"10,976.13","11,030.22","10,942.95","11,004.80"
107/01/18,"11,048.06","11,122.82","11,048.06","11,071.57"
107/01/19,"11,123.58","11,150.85","11,095.85","11,150.85"
107/01/22,"11,169.79","11,231.46","11,142.38","11,231.46"
107/01/23,"11,243.49","11,270.18","11,201.52","11,253.11"
107/01/24,"11,228.71","11,228.71","11,107.32","11,152.16"
107/01/25,"11,154.36","11,268.61","11,131.85","11,165.95"
107/01/26,"11,152.53","11,178.30","11,089.48","11,147.10"
107/01/29,"11,202.27","11,246.18","11,161.83","11,221.81"
107/01/30,"11,189.57","11,189.57","11,076.78","11,076.78"
107/01/31,"11,054.36","11,158.29","11,007.89","11,103.79"
107/02/01,"11,139.40","11,212.10","11,139.40","11,160.25"
107/02/02,"11,151.65","11,153.32","11,070.43","11,126.23"
107/02/05,"10,970.30","10,970.30","10,855.43","10,946.25"
107/02/06,"10,761.01","10,761.01","10,300.40","10,404.00"
107/02/07,"10,547.64","10,697.82","10,547.64","10,551.54"
107/02/08,"10,559.44","10,609.50","10,512.93","10,528.52"
107/02/09,"10,371.01","10,392.31","10,189.04","10,371.75"
107/02/12,"10,429.09","10,473.51","10,416.01","10,421.09"
107/02/21,"10,559.79","10,720.48","10,559.79","10,714.44"
107/02/22,"10,698.47","10,698.47","10,620.80","10,662.38"
107/02/23,"10,688.97","10,799.29","10,688.97","10,794.55"
107/02/26,"10,827.98","10,890.69","10,827.98","10,836.70"
107/02/27,"10,896.16","10,937.90","10,815.47","10,815.47"
107/03/01,"10,779.10","10,805.55","10,709.69","10,785.79"
107/03/02,"10,719.29","10,719.29","10,638.98","10,698.17"
107/03/05,"10,727.45","10,756.37","10,642.90","10,642.90"
107/03/06,"10,711.15","10,784.34","10,711.15","10,784.34"
107/03/07,"10,762.99","10,818.05","10,745.32","10,745.32"
107/03/08,"10,788.43","10,852.33","10,788.43","10,823.24"
107/03/09,"10,847.74","10,882.76","10,845.38","10,864.82"
107/03/12,"10,908.99","11,016.56","10,908.99","11,002.10"
107/03/13,"11,022.15","11,095.63","11,014.87","11,095.63"
107/03/14,"11,063.73","11,070.29","11,015.47","11,038.80"
107/03/15,"11,039.60","11,052.11","11,008.18","11,018.45"
107/03/16,"11,010.24","11,054.86","10,933.46","11,027.70"
107/03/19,"11,004.81","11,066.00","10,983.25","11,046.90"
107/03/20,"11,016.85","11,020.78","10,981.04","11,010.84"
107/03/21,"11,037.35","11,072.31","11,011.07","11,011.07"
107/03/22,"11,045.90","11,120.20","10,975.33","11,005.84"
107/03/23,"10,863.67","10,863.67","10,758.06","10,823.33"
107/03/26,"10,783.57","10,840.05","10,781.43","10,840.05"
107/03/27,"10,901.69","10,986.79","10,901.69","10,986.79"
107/03/28,"10,939.97","10,939.97","10,853.48","10,865.66"
107/03/29,"10,855.66","10,889.60","10,815.46","10,845.92"
107/03/30,"10,905.30","10,969.22","10,905.30","10,906.22"
107/03/31,"10,925.71","10,947.16","10,905.69","10,919.49"
107/04/02,"10,936.26","10,969.88","10,882.05","10,888.27"
107/04/03,"10,837.54","10,837.54","10,775.45","10,821.53"
107/04/09,"10,880.14","10,904.75","10,829.02","10,893.53"
107/04/10,"10,885.64","10,975.67","10,874.83","10,927.18"
107/04/11,"10,961.70","11,016.35","10,953.31","10,974.02"
107/04/12,"10,984.12","11,008.20","10,920.62","10,955.29"
107/04/13,"10,975.58","10,988.23","10,938.37","10,965.39"
107/04/16,"10,962.36","10,974.94","10,921.17","10,954.55"
107/04/17,"10,953.51","10,965.20","10,799.07","10,810.45"
107/04/18,"10,842.88","10,917.60","10,809.89","10,847.89"
107/04/19,"10,891.66","10,983.96","10,889.71","10,971.22"
107/04/20,"10,802.42","10,831.56","10,770.05","10,779.38"
107/04/23,"10,756.89","10,774.73","10,687.25","10,697.13"
107/04/24,"10,680.38","10,692.19","10,540.15","10,579.50"
107/04/25,"10,541.83","10,573.73","10,489.20","10,559.97"
107/04/26,"10,583.08","10,618.68","10,478.98","10,488.58"
107/04/27,"10,546.29","10,573.61","10,495.67","10,553.43"
107/04/30,"10,553.41","10,660.61","10,539.63","10,657.88"
107/05/02,"10,665.52","10,683.90","10,601.10","10,618.81"
107/05/03,"10,578.98","10,578.98","10,509.03","10,514.18"
107/05/04,"10,516.45","10,566.37","10,500.97","10,529.37"
107/05/07,"10,581.78","10,632.62","10,555.56","10,604.91"
107/05/08,"10,610.44","10,691.38","10,609.04","10,691.38"
107/05/09,"10,692.89","10,748.60","10,689.81","10,703.35"
107/05/10,"10,731.68","10,782.06","10,731.68","10,760.21"
107/05/11,"10,808.40","10,874.63","10,808.40","10,858.98"
107/05/14,"10,938.30","10,970.24","10,908.86","10,952.39"
107/05/15,"10,965.08","10,978.38","10,874.73","10,874.73"
107/05/16,"10,873.54","10,915.74","10,865.07","10,897.57"
107/05/17,"10,911.74","10,938.63","10,833.81","10,833.81"
107/05/18,"10,844.09","10,893.35","10,819.07","10,830.84"
107/05/21,"10,861.66","10,979.10","10,861.66","10,966.20"
107/05/22,"10,986.77","11,034.12","10,938.73","10,938.73"
107/05/23,"10,974.52","10,991.86","10,886.18","10,886.18"
107/05/24,"10,910.61","10,942.64","10,883.52","10,936.93"
107/05/25,"10,946.62","10,977.81","10,918.12","10,942.30"
107/05/28,"10,976.49","10,999.43","10,965.18","10,987.77"
107/05/29,"10,979.68","10,986.53","10,929.56","10,964.12"
107/05/30,"10,925.21","10,925.21","10,799.75","10,821.17"
107/05/31,"10,856.03","10,909.61","10,853.65","10,874.96"
107/06/01,"10,882.68","10,954.67","10,876.97","10,949.08"
107/06/04,"11,002.15","11,109.50","11,002.15","11,109.50"
107/06/05,"11,130.03","11,131.08","11,054.62","11,100.11"
107/06/06,"11,111.14","11,207.15","11,111.14","11,201.83"
107/06/07,"11,228.64","11,261.68","11,188.99","11,251.75"
107/06/08,"11,243.59","11,243.59","11,122.98","11,156.42"
107/06/11,"11,168.99","11,186.67","11,118.81","11,149.23"
107/06/12,"11,140.02","11,160.05","11,088.53","11,144.79"
107/06/13,"11,153.20","11,188.01","11,119.24","11,173.21"
107/06/14,"11,143.04","11,143.04","11,013.98","11,013.98"
107/06/15,"10,998.20","11,087.47","10,981.61","11,087.47"
107/06/19,"11,008.77","11,008.77","10,904.19","10,904.19"
107/06/20,"10,904.80","10,969.20","10,842.56","10,927.44"
107/06/21,"10,949.85","10,992.31","10,941.07","10,941.07"
107/06/22,"10,901.25","10,914.83","10,828.86","10,899.28"
107/06/25,"10,834.07","10,851.16","10,786.46","10,786.46"
107/06/26,"10,730.90","10,752.99","10,651.42","10,742.17"
107/06/27,"10,766.88","10,800.34","10,701.03","10,701.03"
107/06/28,"10,669.42","10,723.84","10,633.01","10,654.28"
107/06/29,"10,667.64","10,836.91","10,667.64","10,836.91"
107/07/02,"10,852.17","10,886.20","10,777.94","10,777.94"
107/07/03,"10,802.88","10,873.48","10,707.68","10,715.72"
107/07/04,"10,714.25","10,752.05","10,680.44","10,721.87"
107/07/05,"10,690.91","10,709.80","10,585.27","10,611.81"
107/07/06,"10,645.66","10,665.72","10,523.58","10,608.57"
107/07/09,"10,638.90","10,746.74","10,638.90","10,720.28"
107/07/10,"10,737.62","10,776.47","10,728.24","10,756.89"
107/07/11,"10,693.64","10,693.64","10,635.03","10,676.84"
107/07/12,"10,644.91","10,752.57","10,643.65","10,738.38"
107/07/13,"10,769.70","10,864.54","10,769.70","10,864.54"
107/07/16,"10,867.97","10,890.20","10,817.45","10,817.45"
107/07/17,"10,802.75","10,818.84","10,758.83","10,778.99"
107/07/18,"10,811.43","10,872.74","10,788.37","10,842.46"
107/07/19,"10,868.56","10,896.25","10,826.14","10,835.38"
107/07/20,"10,932.51","10,963.95","10,893.73","10,932.11"
107/07/23,"10,929.46","10,984.84","10,901.75","10,946.89"
107/07/24,"10,937.77","10,995.39","10,917.61","10,995.39"
107/07/25,"10,957.66","10,992.29","10,956.00","10,965.79"
107/07/26,"10,969.35","11,018.19","10,966.33","11,010.61"
107/07/27,"11,023.07","11,075.78","11,009.16","11,075.78"
107/07/30,"11,072.70","11,080.41","11,001.15","11,033.54"
107/07/31,"10,997.73","11,057.51","10,976.46","11,057.51"
107/08/01,"11,062.36","11,100.02","11,058.28","11,098.13"
107/08/02,"11,095.67","11,095.67","10,919.13","10,929.77"
107/08/03,"10,957.30","11,012.43","10,957.30","11,012.43"
107/08/06,"10,997.26","11,054.49","10,994.97","11,024.10"
107/08/07,"11,024.97","11,030.09","10,983.44","10,983.44"
107/08/08,"11,026.07","11,095.50","11,026.07","11,075.25"
107/08/09,"11,063.62","11,063.62","11,001.96","11,028.07"
107/08/10,"11,009.96","11,033.89","10,972.25","10,983.68"
107/08/13,"10,939.68","10,939.68","10,693.73","10,748.92"
107/08/14,"10,797.95","10,829.85","10,755.53","10,824.23"
107/08/15,"10,827.28","10,827.28","10,688.59","10,716.75"
107/08/16,"10,663.57","10,725.71","10,606.26","10,683.90"
107/08/17,"10,702.60","10,757.01","10,688.55","10,690.96"
107/08/20,"10,698.76","10,729.90","10,663.44","10,699.05"
107/08/21,"10,697.01","10,792.20","10,697.01","10,792.20"
107/08/22,"10,790.24","10,828.21","10,774.69","10,804.20"
107/08/23,"10,817.33","10,863.13","10,802.79","10,863.13"
107/08/24,"10,865.91","10,865.91","10,770.32","10,809.35"
107/08/27,"10,847.17","10,916.69","10,847.17","10,902.21"
107/08/28,"10,946.33","11,005.55","10,946.33","10,989.55"
107/08/29,"11,029.12","11,099.57","11,029.11","11,099.57"
107/08/30,"11,153.97","11,186.05","11,080.07","11,093.75"
107/08/31,"11,037.26","11,063.94","10,987.68","11,063.94"
107/09/03,"11,087.86","11,097.11","10,952.85","10,964.22"
107/09/04,"10,981.39","11,028.27","10,956.49","11,021.38"
107/09/05,"11,042.41","11,058.06","10,989.93","10,995.13"
107/09/06,"11,016.92","11,016.92","10,905.34","10,924.30"
107/09/07,"10,922.55","10,922.55","10,807.56","10,846.99"
107/09/10,"10,869.80","10,877.72","10,689.29","10,725.80"
107/09/11,"10,723.00","10,765.42","10,669.59","10,752.30"
107/09/12,"10,762.91","10,779.93","10,667.25","10,722.57"
107/09/13,"10,726.67","10,758.84","10,701.25","10,727.23"
107/09/14,"10,776.53","10,882.04","10,770.47","10,868.14"
107/09/17,"10,881.78","10,883.98","10,806.73","10,828.61"
107/09/18,"10,794.22","10,806.56","10,750.81","10,760.21"
107/09/19,"10,808.50","10,882.75","10,808.50","10,857.27"
107/09/20,"10,886.19","10,908.36","10,814.54","10,831.41"
107/09/21,"10,857.10","10,972.41","10,835.84","10,972.41"
107/09/25,"10,959.56","11,003.49","10,941.77","10,978.85"
107/09/26,"10,974.08","11,007.35","10,947.29","10,974.19"
107/09/27,"10,973.77","11,051.09","10,961.27","11,034.19"
107/09/28,"11,050.09","11,073.95","10,966.96","11,006.34"
107/10/01,"11,014.19","11,062.43","11,012.95","11,051.80"
107/10/02,"11,048.89","11,064.34","10,906.42","10,919.63"
107/10/03,"10,918.74","10,926.73","10,839.46","10,863.94"
107/10/04,"10,826.19","10,826.19","10,707.76","10,718.91"
107/10/05,"10,665.29","10,669.63","10,446.94","10,517.12"
107/10/08,"10,467.85","10,507.83","10,403.13","10,455.93"
107/10/09,"10,464.39","10,503.10","10,428.97","10,466.83"
107/10/11,"10,272.04","10,272.04","9,797.93","9,806.11"
107/10/12,"9,811.58","10,046.01","9,740.76","10,045.81"
107/10/15,"9,989.63","9,989.63","9,890.47","9,901.12"
107/10/16,"9,891.97","10,011.19","9,888.73","9,981.10"
107/10/17,"10,048.43","10,127.01","9,978.25","9,979.14"
107/10/18,"9,975.46","10,019.50","9,919.79","9,953.73"
107/10/19,"9,879.47","9,919.26","9,762.91","9,919.26"
107/10/22,"9,871.30","9,984.15","9,822.15","9,974.28"
107/10/23,"9,912.28","9,912.28","9,775.20","9,775.20"
107/10/24,"9,774.29","9,809.19","9,667.85","9,759.40"
107/10/25,"9,622.95","9,622.95","9,475.61","9,520.79"
107/10/26,"9,570.19","9,629.07","9,400.69","9,489.18"
107/10/29,"9,515.43","9,554.35","9,459.12","9,516.32"
107/10/30,"9,508.81","9,574.83","9,481.66","9,526.11"
107/10/31,"9,588.86","9,802.13","9,588.86","9,802.13"
107/11/01,"9,812.20","9,869.59","9,742.61","9,844.74"
107/11/02,"9,871.40","9,906.59","9,817.29","9,906.59"
107/11/05,"9,856.85","9,889.81","9,786.25","9,889.81"
107/11/06,"9,888.41","9,899.97","9,782.86","9,824.95"
107/11/07,"9,818.15","9,912.53","9,817.95","9,908.35"
107/11/08,"9,958.47","10,014.42","9,938.55","9,945.31"
107/11/09,"9,921.78","9,921.78","9,798.45","9,830.01"
107/11/12,"9,806.80","9,875.84","9,764.46","9,831.21"
107/11/13,"9,727.17","9,777.35","9,616.16","9,775.84"
107/11/14,"9,799.69","9,823.25","9,763.89","9,791.88"
107/11/15,"9,806.58","9,844.39","9,755.12","9,826.46"
107/11/16,"9,819.05","9,851.29","9,770.87","9,797.09"
107/11/19,"9,795.47","9,836.02","9,779.40","9,828.69"
107/11/20,"9,788.95","9,800.03","9,726.80","9,743.99"
107/11/21,"9,698.52","9,753.69","9,632.47","9,741.52"
107/11/22,"9,769.33","9,792.99","9,702.77","9,714.71"
107/11/23,"9,730.64","9,738.80","9,654.91","9,667.30"
107/11/26,"9,679.98","9,847.35","9,679.98","9,765.36"
107/11/27,"9,728.95","9,781.40","9,688.74","9,778.62"
107/11/28,"9,774.03","9,890.89","9,767.14","9,884.31"
107/11/29,"9,959.87","10,001.85","9,885.36","9,885.36"
107/11/30,"9,899.24","9,957.63","9,888.03","9,888.03"
107/12/03,"9,979.21","10,148.75","9,979.21","10,137.87"
107/12/04,"10,120.43","10,126.02","10,061.70","10,083.54"
107/12/05,"9,971.98","9,971.98","9,895.29","9,916.74"
107/12/06,"9,850.08","9,850.08","9,664.75","9,684.72"
107/12/07,"9,719.46","9,785.20","9,719.46","9,760.88"
107/12/10,"9,722.97","9,722.97","9,626.47","9,647.54"
107/12/11,"9,661.72","9,720.96","9,661.72","9,707.04"
107/12/12,"9,741.45","9,835.56","9,741.45","9,816.45"
107/12/13,"9,827.32","9,871.96","9,815.50","9,858.76"
107/12/14,"9,818.95","9,818.95","9,718.94","9,774.16"
107/12/17,"9,762.49","9,826.88","9,733.98","9,787.53"
107/12/18,"9,756.46","9,756.67","9,701.10","9,718.82"
107/12/19,"9,720.92","9,783.21","9,720.92","9,783.21"
107/12/20,"9,729.29","9,741.55","9,658.50","9,674.52"
107/12/21,"9,648.98","9,683.95","9,585.32","9,676.67"
107/12/22,"9,639.24","9,652.19","9,625.31","9,646.16"
107/12/24,"9,646.53","9,658.95","9,613.29","9,639.70"
107/12/25,"9,559.70","9,559.70","9,479.06","9,527.09"
107/12/26,"9,544.87","9,591.91","9,473.30","9,478.99"
107/12/27,"9,555.01","9,670.97","9,555.01","9,641.56"
107/12/28,"9,649.97","9,727.41","9,630.77","9,727.41"
